0, 0.233005
1, 0.23389
2, 0.23385
3, 0.232965
4, 0.23241
5, 0.233375
6, 0.23318
7, 0.232075
8, 0.23219
9, 0.23319
10, 0.234155
11, 0.23227
12, 0.232355
13, 0.23384
14, 0.232195
15, 0.23219
16, 0.233705
17, 0.23229
18, 0.233135
19, 0.234095
20, 0.232765
21, 0.233025
22, 0.232725
23, 0.2324
24, 0.232375
25, 0.23269
26, 0.232465
27, 0.2343
28, 0.23274
29, 0.232705
30, 0.233445
31, 0.234525
32, 0.231715
33, 0.233495
34, 0.2331
35, 0.232555
36, 0.232915
37, 0.233395
38, 0.23252
39, 0.23371
40, 0.234015
41, 0.232275
42, 0.23464
43, 0.23311
44, 0.233705
45, 0.23329
46, 0.232545
47, 0.23333
48, 0.23149
49, 0.23298
50, 0.232925
51, 0.23051
52, 0.232895
53, 0.23369
54, 0.232195
55, 0.233545
56, 0.233695
57, 0.232225
58, 0.232705
59, 0.233165
60, 0.23227
61, 0.23385
62, 0.232345
63, 0.233975
64, 0.233035
65, 0.232055
66, 0.23319
67, 0.23374
68, 0.232605
69, 0.232085
70, 0.232035
71, 0.23209
72, 0.232925
73, 0.23194
74, 0.232615
75, 0.233635
76, 0.23348
77, 0.232855
78, 0.232275
79, 0.2323
80, 0.232115
81, 0.23248
82, 0.232655
83, 0.23386
84, 0.23376
85, 0.233205
86, 0.23281
87, 0.23354
88, 0.232495
89, 0.233085
90, 0.233085
91, 0.233495
92, 0.23414
93, 0.233385
94, 0.231735
95, 0.23146
96, 0.23
97, 0.233445
98, 0.231185
99, 0.23312
100, 0.232835
101, 0.23282
102, 0.23397
103, 0.231985
104, 0.232185
105, 0.23318
106, 0.232775
107, 0.232425
108, 0.232905
109, 0.23257
110, 0.232755
111, 0.2327
112, 0.23372
113, 0.233045
114, 0.232645
115, 0.230895
116, 0.23305
117, 0.23307
118, 0.231955
119, 0.23339
120, 0.231055
121, 0.23333
122, 0.23418
123, 0.232395
124, 0.23207
125, 0.232085
126, 0.232125
127, 0.23348
128, 0.23275
129, 0.231815
130, 0.23343
131, 0.231615
132, 0.23371
133, 0.23216
134, 0.233515
135, 0.23376
136, 0.23328
137, 0.23397
138, 0.233315
139, 0.23369
140, 0.23267
141, 0.23243
142, 0.23306
143, 0.233255
144, 0.232695
145, 0.232685
146, 0.23297
147, 0.23266
148, 0.23204
149, 0.232905
150, 0.233375
151, 0.234475
152, 0.23294
153, 0.23355
154, 0.23179
155, 0.232235
156, 0.23485
157, 0.232615
158, 0.233425
159, 0.23244
160, 0.233105
161, 0.233135
162, 0.233725
163, 0.231505
164, 0.232515
165, 0.23257
166, 0.23308
167, 0.232215
168, 0.233445
169, 0.232855
170, 0.23289
171, 0.23372
172, 0.23274
173, 0.23213
174, 0.231635
175, 0.23348
176, 0.23352
177, 0.23281
178, 0.233955
179, 0.23429
180, 0.23406
181, 0.233655
182, 0.231385
183, 0.231625
184, 0.23387
185, 0.23401
186, 0.233765
187, 0.23347
188, 0.23321
189, 0.23301
190, 0.232245
191, 0.23213
192, 0.23316
193, 0.232385
194, 0.233435
195, 0.23254
196, 0.23392
197, 0.232575
198, 0.23249
199, 0.23347
200, 0.232865
201, 0.232135
202, 0.23274
203, 0.234175
204, 0.23334
205, 0.23258
206, 0.232385
207, 0.230985
208, 0.23356
209, 0.232835
210, 0.233205
211, 0.234235
212, 0.23272
213, 0.23353
214, 0.233965
215, 0.232825
216, 0.2339
217, 0.23282
218, 0.23228
219, 0.234045
220, 0.232355
221, 0.232515
222, 0.23303
223, 0.23346
224, 0.231645
225, 0.232835
226, 0.23387
227, 0.232115
228, 0.232615
229, 0.233115
230, 0.232925
231, 0.23168
232, 0.232175
233, 0.232655
234, 0.23235
235, 0.23306
236, 0.23309
237, 0.233595
238, 0.231335
239, 0.233655
240, 0.23194
241, 0.232185
242, 0.23065
243, 0.23271
244, 0.23228
245, 0.233025
246, 0.23365
247, 0.23331
248, 0.23326
249, 0.232755
250, 0.232805
251, 0.23335
252, 0.232465
253, 0.23222
254, 0.233455
255, 0.23287
256, 0.232335
257, 0.233535
258, 0.233565
259, 0.23222
260, 0.23277
261, 0.233185
262, 0.233935
263, 0.232635
264, 0.23315
265, 0.23138
266, 0.233545
267, 0.23266
268, 0.2329
269, 0.23323
270, 0.232805
271, 0.232875
272, 0.233515
273, 0.233365
274, 0.23233
275, 0.232765
276, 0.231885
277, 0.232245
278, 0.23396
279, 0.23307
280, 0.23282
281, 0.23363
282, 0.234065
283, 0.232265
284, 0.231905
285, 0.23292
286, 0.232465
287, 0.23245
288, 0.23377
289, 0.233735
290, 0.23274
291, 0.233645
292, 0.233435
293, 0.232535
294, 0.23192
295, 0.232225
296, 0.232025
297, 0.233435
298, 0.234415
299, 0.23344
300, 0.232885
301, 0.233215
302, 0.232755
303, 0.23344
304, 0.231575
305, 0.231315
306, 0.23401
307, 0.23397
308, 0.23223
309, 0.2347
310, 0.234415
311, 0.23292
312, 0.232965
313, 0.233655
314, 0.233155
315, 0.233295
316, 0.23386
317, 0.23309
318, 0.233325
319, 0.233055
320, 0.23254
321, 0.233325
322, 0.23312
323, 0.23414
324, 0.23203
325, 0.231485
326, 0.23285
327, 0.233165
328, 0.232685
329, 0.23296
330, 0.233905
331, 0.23313
332, 0.232345
333, 0.23487
334, 0.232985
335, 0.233715
336, 0.23391
337, 0.23218
338, 0.233135
339, 0.23169
340, 0.233505
341, 0.233395
342, 0.232045
343, 0.233275
344, 0.23177
345, 0.23333
346, 0.23279
347, 0.23347
348, 0.233105
349, 0.232315
350, 0.23304
351, 0.231225
352, 0.229905
353, 0.2342
354, 0.23199
355, 0.23326
356, 0.23315
357, 0.233175
358, 0.23186
359, 0.23269
360, 0.23202
361, 0.233375
362, 0.231235
363, 0.233075
364, 0.23217
365, 0.232055
366, 0.23238
367, 0.23347
368, 0.23233
369, 0.23318
370, 0.232525
371, 0.23241
372, 0.233485
373, 0.231935
374, 0.231975
375, 0.231825
376, 0.23266
377, 0.232325
378, 0.233225
379, 0.234865
380, 0.23374
381, 0.231505
382, 0.23332
383, 0.231815
384, 0.23361
385, 0.23182
386, 0.232395
387, 0.233175
388, 0.23332
389, 0.23102
390, 0.23321
391, 0.2323
392, 0.23286
393, 0.23298
394, 0.231455
395, 0.23314
396, 0.23352
397, 0.23188
398, 0.23216
399, 0.23265
400, 0.233145
401, 0.23319
402, 0.23171
403, 0.23258
404, 0.234245
405, 0.23302
406, 0.233145
407, 0.23297
408, 0.23235
409, 0.232765
410, 0.233575
411, 0.234295
412, 0.23313
413, 0.233485
414, 0.23172
415, 0.23259
416, 0.23337
417, 0.23282
418, 0.23111
419, 0.232115
420, 0.23194
421, 0.232425
422, 0.232655
423, 0.233275
424, 0.23322
425, 0.2322
426, 0.23269
427, 0.23185
428, 0.2308
429, 0.23407
430, 0.232885
431, 0.23314
432, 0.23309
433, 0.23218
434, 0.23228
435, 0.232285
436, 0.23303
437, 0.232925
438, 0.23194
439, 0.23399
440, 0.233605
441, 0.23324
442, 0.23255
443, 0.23306
444, 0.23181
445, 0.23271
446, 0.23192
447, 0.2327
448, 0.23237
449, 0.233395
450, 0.23228
451, 0.23344
452, 0.23397
453, 0.232975
454, 0.232265
455, 0.232665
456, 0.232815
457, 0.23294
458, 0.23483
459, 0.231895
460, 0.23369
461, 0.23252
462, 0.23349
463, 0.231515
464, 0.23335
465, 0.23414
466, 0.233125
467, 0.23136
468, 0.23207
469, 0.231515
470, 0.2319
471, 0.23258
472, 0.232195
473, 0.232605
474, 0.234185
475, 0.234725
476, 0.23245
477, 0.232895
478, 0.23292
479, 0.23338
480, 0.234265
481, 0.23281
482, 0.232925
483, 0.232215
484, 0.233725
485, 0.23282
486, 0.23221
487, 0.232345
488, 0.232845
489, 0.23196
490, 0.232905
491, 0.2329
492, 0.23277
493, 0.2327
494, 0.23205
495, 0.232965
496, 0.233145
497, 0.233315
498, 0.23256
499, 0.23318
500, 0.230885
501, 0.233165
502, 0.23335
503, 0.23238
504, 0.233105
505, 0.232815
506, 0.23324
507, 0.232135
508, 0.23275
509, 0.232905
510, 0.23394
511, 0.23343
512, 0.232015
513, 0.232225
514, 0.23327
515, 0.23222
516, 0.232445
517, 0.231355
518, 0.232905
519, 0.232555
520, 0.23283
521, 0.232795
522, 0.23338
523, 0.2328
524, 0.23361
525, 0.23305
526, 0.232305
527, 0.23351
528, 0.23237
529, 0.233195
530, 0.232075
531, 0.232845
532, 0.232815
533, 0.233125
534, 0.232155
535, 0.23387
536, 0.233685
537, 0.23337
538, 0.233935
539, 0.23258
540, 0.23248
541, 0.23281
542, 0.234235
543, 0.232925
544, 0.232525
545, 0.23257
546, 0.233595
547, 0.231905
548, 0.23252
549, 0.2308
550, 0.233945
551, 0.23197
552, 0.232615
553, 0.233905
554, 0.234105
555, 0.233155
556, 0.23212
557, 0.230905
558, 0.232425
559, 0.232415
560, 0.23335
561, 0.23301
562, 0.23342
563, 0.23377
564, 0.232315
565, 0.231605
566, 0.232315
567, 0.232115
568, 0.231515
569, 0.231715
570, 0.231575
571, 0.233255
572, 0.231675
573, 0.232055
574, 0.23327
575, 0.23255
576, 0.23322
577, 0.23406
578, 0.23173
579, 0.233575
580, 0.23349
581, 0.23387
582, 0.233835
583, 0.232735
584, 0.231745
585, 0.23326
586, 0.2334
587, 0.23225
588, 0.231635
589, 0.23114
590, 0.233085
591, 0.23281
592, 0.23287
593, 0.23267
594, 0.233195
595, 0.232375
596, 0.23247
597, 0.23295
598, 0.23189
599, 0.23319
600, 0.232195
601, 0.23223
602, 0.2335
603, 0.233235
604, 0.23135
605, 0.231525
606, 0.233675
607, 0.233415
608, 0.233475
609, 0.232985
610, 0.23143
611, 0.234415
612, 0.23273
613, 0.23307
614, 0.232365
615, 0.23283
616, 0.23451
617, 0.233035
618, 0.232535
619, 0.232975
620, 0.234535
621, 0.23297
622, 0.2339
623, 0.232725
624, 0.232735
625, 0.23206
626, 0.2348
627, 0.23396
628, 0.23386
629, 0.2337
630, 0.232705
631, 0.23309
632, 0.23352
633, 0.23448
634, 0.231635
635, 0.233295
636, 0.2317
637, 0.233715
638, 0.2316
639, 0.232175
640, 0.233185
641, 0.23311
642, 0.23158
643, 0.23279
644, 0.23354
645, 0.233195
646, 0.23325
647, 0.23256
648, 0.232135
649, 0.232465
650, 0.233905
651, 0.23277
652, 0.233405
653, 0.23201
654, 0.23261
655, 0.23257
656, 0.23206
657, 0.231625
658, 0.232925
659, 0.232525
660, 0.234445
661, 0.232295
662, 0.23379
663, 0.231775
664, 0.23331
665, 0.23257
666, 0.233355
667, 0.23214
668, 0.230875
669, 0.23256
670, 0.23205
671, 0.23403
672, 0.2317
673, 0.23369
674, 0.23353
675, 0.232345
676, 0.23225
677, 0.232425
678, 0.23354
679, 0.232725
680, 0.233315
681, 0.23337
682, 0.233415
683, 0.233015
684, 0.233235
685, 0.232215
686, 0.23363
687, 0.233645
688, 0.23316
689, 0.231395
690, 0.23151
691, 0.23498
692, 0.23218
693, 0.233025
694, 0.232705
695, 0.233725
696, 0.23235
697, 0.23147
698, 0.23389
699, 0.23343
700, 0.23357
701, 0.23365
702, 0.232565
703, 0.23212
704, 0.232305
705, 0.232165
706, 0.231145
707, 0.23465
708, 0.232345
709, 0.233265
710, 0.232725
711, 0.23315
712, 0.23311
713, 0.2328
714, 0.23248
715, 0.233415
716, 0.23309
717, 0.232025
718, 0.23363
719, 0.23343
720, 0.23369
721, 0.23209
722, 0.23264
723, 0.23284
724, 0.231925
725, 0.231835
726, 0.23181
727, 0.232545
728, 0.233155
729, 0.232625
730, 0.233475
731, 0.23353
732, 0.232725
733, 0.232685
734, 0.23195
735, 0.23223
736, 0.2317
737, 0.23334
738, 0.23261
739, 0.23363
740, 0.233315
741, 0.232955
742, 0.232725
743, 0.2322
744, 0.23201
745, 0.232595
746, 0.23408
747, 0.231765
748, 0.23371
749, 0.23277
750, 0.233225
751, 0.233995
752, 0.23197
753, 0.232615
754, 0.23305
755, 0.232315
756, 0.233715
757, 0.23147
758, 0.23328
759, 0.231845
760, 0.23383
761, 0.232
762, 0.232155
763, 0.23275
764, 0.23332
765, 0.23403
766, 0.2339
767, 0.23191
768, 0.23354
769, 0.231705
770, 0.232455
771, 0.23303
772, 0.23381
773, 0.231905
774, 0.232695
775, 0.23499
776, 0.233125
777, 0.232425
778, 0.232785
779, 0.233475
780, 0.233065
781, 0.232985
782, 0.23246
783, 0.23367
784, 0.232425
785, 0.232785
786, 0.23328
787, 0.233955
788, 0.23307
789, 0.23471
790, 0.23298
791, 0.233595
792, 0.23199
793, 0.233915
794, 0.23347
795, 0.232485
796, 0.233595
797, 0.232415
798, 0.23404
799, 0.23258
800, 0.233675
801, 0.234325
802, 0.234125
803, 0.23251
804, 0.23226
805, 0.232985
806, 0.232525
807, 0.23353
808, 0.23334
809, 0.231285
810, 0.23199
811, 0.23267
812, 0.23165
813, 0.232905
814, 0.23197
815, 0.23261
816, 0.23346
817, 0.23289
818, 0.231835
819, 0.233055
820, 0.23313
821, 0.233715
822, 0.232825
823, 0.233635
824, 0.23432
825, 0.23217
826, 0.231365
827, 0.232535
828, 0.231605
829, 0.23302
830, 0.23217
831, 0.231015
832, 0.233555
833, 0.233745
834, 0.232035
835, 0.232025
836, 0.23434
837, 0.232465
838, 0.23292
839, 0.232185
840, 0.233275
841, 0.23321
842, 0.23375
843, 0.232585
844, 0.232415
845, 0.232595
846, 0.231675
847, 0.233605
848, 0.233085
849, 0.23328
850, 0.232705
851, 0.23257
852, 0.232635
853, 0.233545
854, 0.232895
855, 0.23222
856, 0.233165
857, 0.23322
858, 0.232075
859, 0.23298
860, 0.234125
861, 0.23272
862, 0.23192
863, 0.23202
864, 0.233655
865, 0.23323
866, 0.234145
867, 0.234
868, 0.232875
869, 0.233265
870, 0.231745
871, 0.23344
872, 0.231765
873, 0.232935
874, 0.232115
875, 0.232355
876, 0.2328
877, 0.23279
878, 0.233145
879, 0.2324
880, 0.231255
881, 0.232995
882, 0.233475
883, 0.233895
884, 0.232885
885, 0.233815
886, 0.233905
887, 0.232475
888, 0.2332
889, 0.231765
890, 0.232925
891, 0.234275
892, 0.233735
893, 0.23176
894, 0.232415
895, 0.231645
896, 0.231765
897, 0.23172
898, 0.232515
899, 0.23257
900, 0.232215
901, 0.23267
902, 0.232175
903, 0.233155
904, 0.23374
905, 0.23407
906, 0.232755
907, 0.23343
908, 0.232915
909, 0.23264
910, 0.23237
911, 0.23315
912, 0.232545
913, 0.233715
914, 0.231835
915, 0.232625
916, 0.23313
917, 0.232655
918, 0.232965
919, 0.232935
920, 0.23161
921, 0.23247
922, 0.2323
923, 0.23214
924, 0.232885
925, 0.23318
926, 0.23307
927, 0.23284
928, 0.233035
929, 0.233665
930, 0.231495
931, 0.233255
932, 0.23146
933, 0.231585
934, 0.232625
935, 0.232655
936, 0.23291
937, 0.232495
938, 0.23188
939, 0.23344
940, 0.23414
941, 0.232455
942, 0.23268
943, 0.232455
944, 0.232515
945, 0.232885
946, 0.234145
947, 0.232355
948, 0.232535
949, 0.233335
950, 0.23273
951, 0.2322
952, 0.23293
953, 0.23404
954, 0.233025
955, 0.231885
956, 0.232825
957, 0.23253
958, 0.232795
959, 0.233435
960, 0.23155
961, 0.23389
962, 0.232595
963, 0.23357
964, 0.23083
965, 0.23239
966, 0.23274
967, 0.23336
968, 0.2334
969, 0.230895
970, 0.2318
971, 0.23211
972, 0.23287
973, 0.23392
974, 0.23305
975, 0.23152
976, 0.233395
977, 0.23311
978, 0.233365
979, 0.233385
980, 0.231985
981, 0.23301
982, 0.233225
983, 0.23383
984, 0.234175
985, 0.232425
986, 0.23203
987, 0.2337
988, 0.23451
989, 0.23287
990, 0.231275
991, 0.233675
992, 0.233035
993, 0.233775
994, 0.23433
995, 0.23358
996, 0.232325
997, 0.233675
998, 0.2339
999, 0.232755
1000, 0.23396
1001, 0.23182
1002, 0.231895
1003, 0.23287
1004, 0.232915
1005, 0.23293
1006, 0.231145
1007, 0.23323
1008, 0.232595
1009, 0.23442
1010, 0.23429
1011, 0.23294
1012, 0.233905
1013, 0.23344
1014, 0.232435
1015, 0.23345
1016, 0.232325
1017, 0.23342
1018, 0.232415
1019, 0.231285
1020, 0.232125
1021, 0.231825
1022, 0.232745
1023, 0.232205
1024, 0.23299
1025, 0.23165
1026, 0.233895
1027, 0.23117
1028, 0.231595
1029, 0.23219
1030, 0.232305
1031, 0.232945
1032, 0.232905
1033, 0.23401
1034, 0.232395
1035, 0.232035
1036, 0.23173
1037, 0.232525
1038, 0.232405
1039, 0.232975
1040, 0.231785
1041, 0.23296
1042, 0.233245
1043, 0.233145
1044, 0.23295
1045, 0.23345
1046, 0.23215
1047, 0.231265
1048, 0.23403
1049, 0.232725
1050, 0.23362
1051, 0.232075
1052, 0.233205
1053, 0.23234
1054, 0.23294
1055, 0.232995
1056, 0.23399
1057, 0.23281
1058, 0.232955
1059, 0.23386
1060, 0.233485
1061, 0.23331
1062, 0.232325
1063, 0.23305
1064, 0.23269
1065, 0.23293
1066, 0.232945
1067, 0.232545
1068, 0.23407
1069, 0.23236
1070, 0.231645
1071, 0.23194
1072, 0.23249
1073, 0.232685
1074, 0.233245
1075, 0.23251
1076, 0.2334
1077, 0.232615
1078, 0.232185
1079, 0.2315
1080, 0.23316
1081, 0.23252
1082, 0.233935
1083, 0.23315
1084, 0.23198
1085, 0.23213
1086, 0.23308
1087, 0.233785
1088, 0.23239
1089, 0.231295
1090, 0.23269
1091, 0.231505
1092, 0.23204
1093, 0.23326
1094, 0.23359
1095, 0.232415
1096, 0.23362
1097, 0.23221
1098, 0.23266
1099, 0.232505
1100, 0.233205
1101, 0.23142
1102, 0.231935
1103, 0.23339
1104, 0.2339
1105, 0.23182
1106, 0.233385
1107, 0.23273
1108, 0.233195
1109, 0.23271
1110, 0.2327
1111, 0.23239
1112, 0.231455
1113, 0.23314
1114, 0.23307
1115, 0.233465
1116, 0.233325
1117, 0.23276
1118, 0.233875
1119, 0.23393
1120, 0.23261
1121, 0.232035
1122, 0.23322
1123, 0.23204
1124, 0.234135
1125, 0.231775
1126, 0.23287
1127, 0.232105
1128, 0.232425
1129, 0.23232
1130, 0.2337
1131, 0.23223
1132, 0.23294
1133, 0.23266
1134, 0.232145
1135, 0.233155
1136, 0.23203
1137, 0.2339
1138, 0.233395
1139, 0.232835
1140, 0.233505
1141, 0.231375
1142, 0.23284
1143, 0.231185
1144, 0.23344
1145, 0.2326
1146, 0.23259
1147, 0.233255
1148, 0.233015
1149, 0.234145
1150, 0.23292
1151, 0.232535
1152, 0.23341
1153, 0.23248
1154, 0.23383
1155, 0.23191
1156, 0.232395
1157, 0.23223
1158, 0.231075
1159, 0.23154
1160, 0.233085
1161, 0.232315
1162, 0.232505
1163, 0.234525
1164, 0.233235
1165, 0.233465
1166, 0.233475
1167, 0.23262
1168, 0.23232
1169, 0.23316
1170, 0.231995
1171, 0.23326
1172, 0.233275
1173, 0.232635
1174, 0.23345
1175, 0.23401
1176, 0.23237
1177, 0.234305
1178, 0.23285
1179, 0.23327
1180, 0.23336
1181, 0.23292
1182, 0.23254
1183, 0.23257
1184, 0.231225
1185, 0.233685
1186, 0.233695
1187, 0.233385
1188, 0.233285
1189, 0.23249
1190, 0.23284
1191, 0.233465
1192, 0.23292
1193, 0.23335
1194, 0.233875
1195, 0.233075
1196, 0.233405
1197, 0.23241
1198, 0.231815
1199, 0.233445
1200, 0.23367
1201, 0.23232
1202, 0.23354
1203, 0.23329
1204, 0.234245
1205, 0.23334
1206, 0.23222
1207, 0.233825
1208, 0.233605
1209, 0.233065
1210, 0.232495
1211, 0.233425
1212, 0.233415
1213, 0.232555
1214, 0.232985
1215, 0.231885
1216, 0.233055
1217, 0.23338
1218, 0.23325
1219, 0.23347
1220, 0.230775
1221, 0.23279
1222, 0.232885
1223, 0.233475
1224, 0.23364
1225, 0.233175
1226, 0.232335
1227, 0.23094
1228, 0.233055
1229, 0.231615
1230, 0.234815
1231, 0.23369
1232, 0.233395
1233, 0.23461
1234, 0.232275
1235, 0.233285
1236, 0.234595
1237, 0.23437
1238, 0.23407
1239, 0.231965
1240, 0.23281
1241, 0.233095
1242, 0.232835
1243, 0.232645
1244, 0.23415
1245, 0.2329
1246, 0.23167
1247, 0.23208
1248, 0.23333
1249, 0.232475
1250, 0.233265
1251, 0.23271
1252, 0.233345
1253, 0.23344
1254, 0.23303
1255, 0.23509
1256, 0.23372
1257, 0.23262
1258, 0.232985
1259, 0.23179
1260, 0.233205
1261, 0.23287
1262, 0.23208
1263, 0.232365
1264, 0.23373
1265, 0.231215
1266, 0.232285
1267, 0.233445
1268, 0.231545
1269, 0.231965
1270, 0.23253
1271, 0.23272
1272, 0.2342
1273, 0.2328
1274, 0.232515
1275, 0.232405
1276, 0.232345
1277, 0.23295
1278, 0.231565
1279, 0.233525
1280, 0.23301
1281, 0.23299
1282, 0.234315
1283, 0.233245
1284, 0.23187
1285, 0.23395
1286, 0.23274
1287, 0.234265
1288, 0.23367
1289, 0.233845
1290, 0.23367
1291, 0.2319
1292, 0.231515
1293, 0.23404
1294, 0.23235
1295, 0.234225
1296, 0.233535
1297, 0.23337
1298, 0.23346
1299, 0.23181
1300, 0.234175
1301, 0.231775
1302, 0.230905
1303, 0.233065
1304, 0.2322
1305, 0.232965
1306, 0.232575
1307, 0.23356
1308, 0.23301
1309, 0.23215
1310, 0.232595
1311, 0.232705
1312, 0.231945
1313, 0.23164
1314, 0.231655
1315, 0.233535
1316, 0.23225
1317, 0.233975
1318, 0.23386
1319, 0.23329
1320, 0.232715
1321, 0.231395
1322, 0.23155
1323, 0.23414
1324, 0.23244
1325, 0.233175
1326, 0.23408
1327, 0.23306
1328, 0.233
1329, 0.23167
1330, 0.233495
1331, 0.232255
1332, 0.23276
1333, 0.23274
1334, 0.2326
1335, 0.23155
1336, 0.23372
1337, 0.23285
1338, 0.233565
1339, 0.233285
1340, 0.23361
1341, 0.232705
1342, 0.23359
1343, 0.23246
1344, 0.23321
1345, 0.232455
1346, 0.23133
1347, 0.23285
1348, 0.233355
1349, 0.231865
1350, 0.23431
1351, 0.2326
1352, 0.23315
1353, 0.23376
1354, 0.23283
1355, 0.232545
1356, 0.23361
1357, 0.2331
1358, 0.232785
1359, 0.230445
1360, 0.23132
1361, 0.232975
1362, 0.232965
1363, 0.23396
1364, 0.23192
1365, 0.231975
1366, 0.23316
1367, 0.233255
1368, 0.23416
1369, 0.232695
1370, 0.23388
1371, 0.23259
1372, 0.231725
1373, 0.23452
1374, 0.23357
1375, 0.232915
1376, 0.232525
1377, 0.23391
1378, 0.233295
1379, 0.233465
1380, 0.23389
1381, 0.23231
1382, 0.23283
1383, 0.231795
1384, 0.233075
1385, 0.233845
1386, 0.231755
1387, 0.23351
1388, 0.232855
1389, 0.23246
1390, 0.232115
1391, 0.23173
1392, 0.232885
1393, 0.23332
1394, 0.232
1395, 0.23192
1396, 0.234445
1397, 0.231395
1398, 0.234035
1399, 0.235285
1400, 0.233835
1401, 0.232855
1402, 0.233565
1403, 0.23158
1404, 0.23281
1405, 0.23258
1406, 0.23389
1407, 0.23224
1408, 0.23407
1409, 0.233575
1410, 0.23264
1411, 0.23292
1412, 0.232305
1413, 0.233075
1414, 0.232255
1415, 0.232275
1416, 0.232565
1417, 0.2327
1418, 0.2331
1419, 0.23221
1420, 0.23305
1421, 0.23257
1422, 0.23167
1423, 0.2325
1424, 0.23307
1425, 0.232405
1426, 0.23219
1427, 0.23306
1428, 0.23281
1429, 0.233285
1430, 0.23249
1431, 0.23301
1432, 0.23321
1433, 0.232915
1434, 0.232905
1435, 0.23218
1436, 0.231175
1437, 0.232305
1438, 0.233415
1439, 0.23356
1440, 0.23251
1441, 0.233495
1442, 0.232835
1443, 0.23317
1444, 0.233145
1445, 0.23218
1446, 0.23435
1447, 0.23256
1448, 0.23342
1449, 0.232475
1450, 0.23252
1451, 0.23454
1452, 0.2326
1453, 0.234025
1454, 0.232395
1455, 0.23217
1456, 0.232695
1457, 0.232935
1458, 0.234055
1459, 0.233975
1460, 0.23418
1461, 0.23424
1462, 0.231735
1463, 0.232955
1464, 0.233265
1465, 0.234155
1466, 0.231695
1467, 0.233035
1468, 0.23347
1469, 0.232005
1470, 0.233255
1471, 0.233135
1472, 0.232665
1473, 0.232015
1474, 0.232745
1475, 0.23333
1476, 0.23301
1477, 0.23277
1478, 0.23256
1479, 0.23271
1480, 0.232645
1481, 0.23224
1482, 0.23333
1483, 0.231485
1484, 0.232935
1485, 0.232535
1486, 0.23176
1487, 0.23117
1488, 0.23317
1489, 0.232765
1490, 0.233025
1491, 0.234455
1492, 0.232195
1493, 0.233655
1494, 0.23343
1495, 0.232665
1496, 0.23265
1497, 0.232665
1498, 0.232275
1499, 0.232235
1500, 0.23339
1501, 0.233335
1502, 0.232495
1503, 0.23352
1504, 0.23241
1505, 0.23293
1506, 0.2328
1507, 0.231915
1508, 0.231555
1509, 0.23144
1510, 0.233115
1511, 0.23432
1512, 0.23234
1513, 0.232175
1514, 0.23368
1515, 0.23131
1516, 0.231605
1517, 0.233555
1518, 0.232075
1519, 0.23203
1520, 0.23385
1521, 0.232925
1522, 0.233125
1523, 0.232315
1524, 0.23359
1525, 0.2342
1526, 0.23206
1527, 0.23351
1528, 0.233185
1529, 0.231885
1530, 0.231965
1531, 0.232505
1532, 0.231765
1533, 0.233745
1534, 0.233075
1535, 0.232525
1536, 0.233735
1537, 0.23285
1538, 0.2321
1539, 0.23312
1540, 0.23285
1541, 0.233335
1542, 0.23343
1543, 0.233635
1544, 0.230995
1545, 0.23391
1546, 0.232145
1547, 0.23344
1548, 0.23277
1549, 0.233245
1550, 0.233285
1551, 0.23295
1552, 0.232545
1553, 0.232735
1554, 0.2327
1555, 0.232925
1556, 0.231855
1557, 0.23267
1558, 0.231295
1559, 0.231975
1560, 0.232815
1561, 0.23205
1562, 0.233165
1563, 0.23262
1564, 0.232485
1565, 0.23339
1566, 0.23248
1567, 0.232005
1568, 0.233125
1569, 0.23473
1570, 0.233035
1571, 0.23273
1572, 0.23251
1573, 0.230615
1574, 0.23359
1575, 0.231885
1576, 0.23292
1577, 0.231355
1578, 0.23158
1579, 0.23354
1580, 0.233065
1581, 0.231555
1582, 0.23195
1583, 0.23285
1584, 0.23362
1585, 0.23345
1586, 0.2343
1587, 0.23273
1588, 0.231075
1589, 0.234235
1590, 0.230965
1591, 0.231575
1592, 0.23312
1593, 0.23244
1594, 0.23245
1595, 0.232345
1596, 0.233065
1597, 0.231795
1598, 0.233155
1599, 0.233665
1600, 0.233615
1601, 0.23395
1602, 0.23143
1603, 0.23249
1604, 0.233
1605, 0.23264
1606, 0.23342
1607, 0.234055
1608, 0.234385
1609, 0.231415
1610, 0.23356
1611, 0.233055
1612, 0.232565
1613, 0.232865
1614, 0.232675
1615, 0.23327
1616, 0.233785
1617, 0.23243
1618, 0.23197
1619, 0.2328
1620, 0.234185
1621, 0.2334
1622, 0.231645
1623, 0.23261
1624, 0.232875
1625, 0.23318
1626, 0.23274
1627, 0.233005
1628, 0.232165
1629, 0.233385
1630, 0.23393
1631, 0.233565
1632, 0.23287
1633, 0.233655
1634, 0.23346
1635, 0.23147
1636, 0.23391
1637, 0.23238
1638, 0.232615
1639, 0.232945
1640, 0.232935
1641, 0.232905
1642, 0.23281
1643, 0.23311
1644, 0.233625
1645, 0.233845
1646, 0.231645
1647, 0.23272
1648, 0.232845
1649, 0.234545
1650, 0.233275
1651, 0.23291
1652, 0.23295
1653, 0.231895
1654, 0.232645
1655, 0.23283
1656, 0.23305
1657, 0.234305
1658, 0.23303
1659, 0.231985
1660, 0.233565
1661, 0.23359
1662, 0.23251
1663, 0.232925
1664, 0.23308
1665, 0.232985
1666, 0.233295
1667, 0.232575
1668, 0.23374
1669, 0.23368
1670, 0.23172
1671, 0.23286
1672, 0.23395
1673, 0.233645
1674, 0.23372
1675, 0.232045
1676, 0.232245
1677, 0.232945
1678, 0.232285
1679, 0.23289
1680, 0.231925
1681, 0.234485
1682, 0.23275
1683, 0.23346
1684, 0.23302
1685, 0.23288
1686, 0.232175
1687, 0.23352
1688, 0.232355
1689, 0.23282
1690, 0.234115
1691, 0.233645
1692, 0.231785
1693, 0.23323
1694, 0.23323
1695, 0.233055
1696, 0.233785
1697, 0.234005
1698, 0.232175
1699, 0.23303
1700, 0.232895
1701, 0.232855
1702, 0.23274
1703, 0.232715
1704, 0.234255
1705, 0.23276
1706, 0.23197
1707, 0.23345
1708, 0.23339
1709, 0.23401
1710, 0.23266
1711, 0.23364
1712, 0.232245
1713, 0.232655
1714, 0.233755
1715, 0.23189
1716, 0.23259
1717, 0.232555
1718, 0.23289
1719, 0.232885
1720, 0.232985
1721, 0.23093
1722, 0.233045
1723, 0.234505
1724, 0.23184
1725, 0.23276
1726, 0.23229
1727, 0.232875
1728, 0.23183
1729, 0.23341
1730, 0.23239
1731, 0.232385
1732, 0.23157
1733, 0.2327
1734, 0.231485
1735, 0.233155
1736, 0.23136
1737, 0.233315
1738, 0.23198
1739, 0.23104
1740, 0.233815
1741, 0.23498
1742, 0.23148
1743, 0.233125
1744, 0.23266
1745, 0.2331
1746, 0.23224
1747, 0.233705
1748, 0.231505
1749, 0.233
1750, 0.232915
1751, 0.232225
1752, 0.233525
1753, 0.23358
1754, 0.233645
1755, 0.232815
1756, 0.2333
1757, 0.23429
1758, 0.23168
1759, 0.231185
1760, 0.23323
1761, 0.23276
1762, 0.23367
1763, 0.232125
1764, 0.233245
1765, 0.23113
1766, 0.23228
1767, 0.23352
1768, 0.23182
1769, 0.23298
1770, 0.23362
1771, 0.231695
1772, 0.23178
1773, 0.23187
1774, 0.23376
1775, 0.233165
1776, 0.23408
1777, 0.23387
1778, 0.23209
1779, 0.233815
1780, 0.23247
1781, 0.234075
1782, 0.231495
1783, 0.23193
1784, 0.233705
1785, 0.23194
1786, 0.23172
1787, 0.232795
1788, 0.231995
1789, 0.23307
1790, 0.232335
1791, 0.23188
1792, 0.23325
1793, 0.23267
1794, 0.232505
1795, 0.232715
1796, 0.232695
1797, 0.234165
1798, 0.232525
1799, 0.23353
1800, 0.23239
1801, 0.232765
1802, 0.23329
1803, 0.232635
1804, 0.23324
1805, 0.23261
1806, 0.23362
1807, 0.23297
1808, 0.23432
1809, 0.23397
1810, 0.231215
1811, 0.232965
1812, 0.2342
1813, 0.232475
1814, 0.231465
1815, 0.23353
1816, 0.232655
1817, 0.232975
1818, 0.231915
1819, 0.23259
1820, 0.231715
1821, 0.232435
1822, 0.232345
1823, 0.23266
1824, 0.23269
1825, 0.233855
1826, 0.233455
1827, 0.23303
1828, 0.23329
1829, 0.23293
1830, 0.232815
1831, 0.231495
1832, 0.23215
1833, 0.23316
1834, 0.23291
1835, 0.231765
1836, 0.23415
1837, 0.232545
1838, 0.23325
1839, 0.233705
1840, 0.23446
1841, 0.2323
1842, 0.23317
1843, 0.232615
1844, 0.232215
1845, 0.232955
1846, 0.23473
1847, 0.234035
1848, 0.23237
1849, 0.23386
1850, 0.23231
1851, 0.23297
1852, 0.23349
1853, 0.232435
1854, 0.23398
1855, 0.232145
1856, 0.23235
1857, 0.232005
1858, 0.233895
1859, 0.23184
1860, 0.23284
1861, 0.233955
1862, 0.233465
1863, 0.232665
1864, 0.232215
1865, 0.232945
1866, 0.2324
1867, 0.23152
1868, 0.23371
1869, 0.23226
1870, 0.231975
1871, 0.23415
1872, 0.23287
1873, 0.234905
1874, 0.23395
1875, 0.233555
1876, 0.233765
1877, 0.231955
1878, 0.23336
1879, 0.23295
1880, 0.232215
1881, 0.234125
1882, 0.23296
1883, 0.233135
1884, 0.23362
1885, 0.23276
1886, 0.233325
1887, 0.23314
1888, 0.232665
1889, 0.234605
1890, 0.2322
1891, 0.23326
1892, 0.233595
1893, 0.232725
1894, 0.23332
1895, 0.232175
1896, 0.233415
1897, 0.23468
1898, 0.2314
1899, 0.232385
1900, 0.234265
1901, 0.23347
1902, 0.23398
1903, 0.232435
1904, 0.232315
1905, 0.232135
1906, 0.2324
1907, 0.23358
1908, 0.232965
1909, 0.23323
1910, 0.232455
1911, 0.23136
1912, 0.23257
1913, 0.23256
1914, 0.232225
1915, 0.23272
1916, 0.2335
1917, 0.233215
1918, 0.23359
1919, 0.23239
1920, 0.23297
1921, 0.2332
1922, 0.23194
1923, 0.23318
1924, 0.231735
1925, 0.232395
1926, 0.232695
1927, 0.23352
1928, 0.23363
1929, 0.2314
1930, 0.232575
1931, 0.231845
1932, 0.23249
1933, 0.2329
1934, 0.233585
1935, 0.232005
1936, 0.23219
1937, 0.23343
1938, 0.23386
1939, 0.232285
1940, 0.234195
1941, 0.23244
1942, 0.231455
1943, 0.23227
1944, 0.23288
1945, 0.232855
1946, 0.232385
1947, 0.233255
1948, 0.23274
1949, 0.232115
1950, 0.232975
1951, 0.232035
1952, 0.23322
1953, 0.23244
1954, 0.232285
1955, 0.23332
1956, 0.232235
1957, 0.234785
1958, 0.230365
1959, 0.23214
1960, 0.2329
1961, 0.232745
1962, 0.233365
1963, 0.233325
1964, 0.23312
1965, 0.232255
1966, 0.23258
1967, 0.23241
1968, 0.23315
1969, 0.2317
1970, 0.23185
1971, 0.233755
1972, 0.23323
1973, 0.23241
1974, 0.23139
1975, 0.2328
1976, 0.23302
1977, 0.232675
1978, 0.23204
1979, 0.233625
1980, 0.230895
1981, 0.232295
1982, 0.233045
1983, 0.23225
1984, 0.23335
1985, 0.23301
1986, 0.23257
1987, 0.23282
1988, 0.23227
1989, 0.232525
1990, 0.232265
1991, 0.23401
1992, 0.23096
1993, 0.233215
1994, 0.232565
1995, 0.23207
1996, 0.232805
1997, 0.23243
1998, 0.23245
1999, 0.23351
2000, 0.2318
2001, 0.232035
2002, 0.233235
2003, 0.2334
2004, 0.232125
2005, 0.232555
2006, 0.23398
2007, 0.23217
2008, 0.232345
2009, 0.232915
2010, 0.231465
2011, 0.233185
2012, 0.23315
2013, 0.23173
2014, 0.23178
2015, 0.232455
2016, 0.232555
2017, 0.232805
2018, 0.23197
2019, 0.232285
2020, 0.23239
2021, 0.23156
2022, 0.233215
2023, 0.233155
2024, 0.23263
2025, 0.23296
2026, 0.234265
2027, 0.23285
2028, 0.23256
2029, 0.232815
2030, 0.231965
2031, 0.23193
2032, 0.23445
2033, 0.23186
2034, 0.233905
2035, 0.2317
2036, 0.233355
2037, 0.23312
2038, 0.233705
2039, 0.23299
2040, 0.23397
2041, 0.232395
2042, 0.233425
2043, 0.233385
2044, 0.23303
2045, 0.23269
2046, 0.23164
2047, 0.23315
2048, 0.233665
2049, 0.23318
2050, 0.23182
2051, 0.233
2052, 0.23311
2053, 0.23271
2054, 0.23341
2055, 0.23209
2056, 0.23338
2057, 0.232445
2058, 0.23238
2059, 0.23375
2060, 0.23444
2061, 0.232815
2062, 0.232525
2063, 0.233155
2064, 0.233395
2065, 0.232565
2066, 0.23252
2067, 0.2321
2068, 0.231845
2069, 0.23189
2070, 0.23273
2071, 0.234665
2072, 0.23244
2073, 0.23217
2074, 0.231925
2075, 0.232805
2076, 0.23231
2077, 0.2337
2078, 0.232305
2079, 0.23176
2080, 0.232085
2081, 0.233045
2082, 0.2336
2083, 0.233185
2084, 0.232485
2085, 0.232015
2086, 0.233905
2087, 0.23284
2088, 0.232345
2089, 0.234745
2090, 0.23348
2091, 0.232845
2092, 0.231855
2093, 0.23324
2094, 0.232435
2095, 0.23287
2096, 0.2323
2097, 0.23219
2098, 0.232575
2099, 0.23217
2100, 0.23217
2101, 0.233125
2102, 0.23303
2103, 0.233355
2104, 0.231375
2105, 0.232395
2106, 0.232805
2107, 0.23373
2108, 0.23196
2109, 0.23033
2110, 0.233905
2111, 0.23432
2112, 0.232615
2113, 0.232755
2114, 0.232555
2115, 0.23297
2116, 0.234345
2117, 0.23203
2118, 0.23235
2119, 0.2329
2120, 0.23221
2121, 0.234595
2122, 0.233515
2123, 0.23274
2124, 0.232505
2125, 0.233175
2126, 0.23303
2127, 0.23454
2128, 0.233275
2129, 0.233255
2130, 0.23238
2131, 0.23239
2132, 0.23175
2133, 0.232225
2134, 0.23299
2135, 0.233665
2136, 0.23286
2137, 0.233255
2138, 0.233325
2139, 0.23292
2140, 0.233715
2141, 0.232185
2142, 0.23206
2143, 0.232835
2144, 0.232995
2145, 0.232095
2146, 0.23298
2147, 0.233315
2148, 0.23366
2149, 0.230845
2150, 0.233095
2151, 0.23325
2152, 0.233415
2153, 0.23185
2154, 0.232235
2155, 0.231995
2156, 0.23415
2157, 0.23361
2158, 0.232405
2159, 0.233075
2160, 0.232305
2161, 0.232515
2162, 0.233125
2163, 0.231425
2164, 0.232775
2165, 0.23332
2166, 0.232525
2167, 0.231825
2168, 0.23297
2169, 0.232795
2170, 0.231755
2171, 0.23266
2172, 0.23242
2173, 0.232365
2174, 0.23258
2175, 0.232335
2176, 0.23183
2177, 0.23333
2178, 0.233465
2179, 0.2335
2180, 0.232505
2181, 0.233435
2182, 0.23373
2183, 0.233195
2184, 0.231745
2185, 0.234215
2186, 0.23311
2187, 0.232845
2188, 0.23296
2189, 0.23299
2190, 0.23371
2191, 0.232675
2192, 0.23349
2193, 0.23314
2194, 0.23348
2195, 0.233645
2196, 0.2326
2197, 0.23245
2198, 0.23261
2199, 0.23237
2200, 0.233765
2201, 0.232295
2202, 0.232905
2203, 0.232205
2204, 0.23267
2205, 0.23227
2206, 0.23391
2207, 0.23287
2208, 0.23205
2209, 0.23202
2210, 0.23396
2211, 0.23277
2212, 0.232745
2213, 0.232235
2214, 0.232455
2215, 0.232365
2216, 0.23304
2217, 0.23283
2218, 0.232685
2219, 0.233425
2220, 0.233045
2221, 0.23335
2222, 0.23296
2223, 0.233095
2224, 0.232085
2225, 0.232635
2226, 0.232625
2227, 0.23234
2228, 0.230725
2229, 0.23127
2230, 0.23135
2231, 0.232025
2232, 0.23318
2233, 0.23277
2234, 0.233775
2235, 0.232055
2236, 0.232345
2237, 0.23275
2238, 0.23176
2239, 0.23131
2240, 0.231905
2241, 0.232015
2242, 0.2316
2243, 0.2343
2244, 0.230545
2245, 0.233985
2246, 0.23279
2247, 0.231055
2248, 0.232865
2249, 0.233745
2250, 0.232315
2251, 0.232405
2252, 0.233615
2253, 0.232685
2254, 0.233335
2255, 0.233125
2256, 0.232975
2257, 0.23304
2258, 0.23414
2259, 0.23219
2260, 0.233755
2261, 0.2336
2262, 0.233665
2263, 0.231725
2264, 0.233695
2265, 0.233515
2266, 0.232545
2267, 0.23406
2268, 0.23275
2269, 0.23298
2270, 0.232405
2271, 0.231445
2272, 0.233335
2273, 0.23344
2274, 0.232705
2275, 0.2334
2276, 0.23194
2277, 0.233155
2278, 0.232815
2279, 0.2333
2280, 0.234065
2281, 0.232625
2282, 0.23267
2283, 0.232765
2284, 0.23324
2285, 0.233675
2286, 0.232855
2287, 0.232515
2288, 0.23343
2289, 0.23264
2290, 0.232845
2291, 0.232655
2292, 0.233765
2293, 0.232995
2294, 0.23336
2295, 0.231245
2296, 0.231055
2297, 0.233485
2298, 0.232675
2299, 0.232795
2300, 0.23265
2301, 0.234285
2302, 0.231755
2303, 0.231845
2304, 0.232645
2305, 0.231355
2306, 0.23292
2307, 0.232605
2308, 0.23287
2309, 0.232335
2310, 0.23314
2311, 0.23317
2312, 0.233545
2313, 0.23239
2314, 0.23257
2315, 0.23326
2316, 0.232625
2317, 0.232995
2318, 0.232285
2319, 0.233095
2320, 0.23321
2321, 0.233225
2322, 0.23286
2323, 0.23217
2324, 0.23305
2325, 0.232435
2326, 0.233765
2327, 0.2327
2328, 0.234285
2329, 0.233735
2330, 0.23163
2331, 0.234175
2332, 0.232765
2333, 0.231955
2334, 0.231725
2335, 0.233355
2336, 0.23362
2337, 0.23157
2338, 0.233155
2339, 0.232995
2340, 0.233185
2341, 0.23245
2342, 0.232845
2343, 0.233975
2344, 0.23352
2345, 0.231195
2346, 0.233015
2347, 0.232515
2348, 0.23231
2349, 0.23169
2350, 0.233785
2351, 0.23157
2352, 0.231495
2353, 0.23249
2354, 0.232835
2355, 0.23298
2356, 0.232275
2357, 0.233455
2358, 0.233065
2359, 0.23398
2360, 0.23264
2361, 0.231835
2362, 0.233125
2363, 0.23389
2364, 0.233215
2365, 0.23393
2366, 0.232435
2367, 0.23222
2368, 0.231675
2369, 0.23317
2370, 0.233485
2371, 0.23361
2372, 0.233595
2373, 0.23289
2374, 0.232935
2375, 0.23433
2376, 0.23279
2377, 0.23264
2378, 0.23357
2379, 0.234515
2380, 0.23211
2381, 0.232975
2382, 0.233555
2383, 0.232305
2384, 0.233115
2385, 0.23368
2386, 0.23353
2387, 0.232745
2388, 0.23343
2389, 0.233515
2390, 0.23378
2391, 0.231235
2392, 0.23263
2393, 0.23181
2394, 0.232205
2395, 0.232285
2396, 0.23376
2397, 0.234585
2398, 0.232685
2399, 0.2319
2400, 0.233235
2401, 0.23156
2402, 0.23228
2403, 0.233085
2404, 0.233755
2405, 0.23256
2406, 0.233085
2407, 0.234745
2408, 0.233665
2409, 0.23352
2410, 0.23138
2411, 0.233225
2412, 0.233815
2413, 0.233985
2414, 0.23318
2415, 0.23384
2416, 0.23426
2417, 0.23338
2418, 0.23382
2419, 0.233335
2420, 0.23271
2421, 0.232995
2422, 0.23265
2423, 0.23353
2424, 0.232715
2425, 0.233205
2426, 0.232905
2427, 0.23316
2428, 0.23346
2429, 0.233645
2430, 0.231155
2431, 0.2335
2432, 0.233255
2433, 0.232995
2434, 0.23277
2435, 0.23283
2436, 0.23366
2437, 0.234385
2438, 0.23322
2439, 0.233395
2440, 0.23221
2441, 0.235165
2442, 0.233235
2443, 0.23284
2444, 0.232855
2445, 0.2318
2446, 0.232515
2447, 0.23437
2448, 0.23315
2449, 0.233335
2450, 0.2326
2451, 0.232955
2452, 0.232765
2453, 0.23333
2454, 0.2327
2455, 0.232455
2456, 0.233275
2457, 0.23298
2458, 0.233975
2459, 0.232025
2460, 0.23268
2461, 0.23386
2462, 0.23331
2463, 0.233875
2464, 0.232995
2465, 0.232005
2466, 0.232425
2467, 0.233285
2468, 0.233415
2469, 0.23235
2470, 0.233485
2471, 0.232575
2472, 0.23247
2473, 0.23294
2474, 0.233625
2475, 0.23198
2476, 0.232895
2477, 0.2323
2478, 0.23281
2479, 0.23156
2480, 0.232915
2481, 0.23184
2482, 0.231845
2483, 0.23202
2484, 0.23327
2485, 0.232735
2486, 0.23249
2487, 0.23262
2488, 0.23376
2489, 0.2339
2490, 0.232105
2491, 0.232085
2492, 0.233075
2493, 0.23177
2494, 0.23401
2495, 0.233175
2496, 0.233805
2497, 0.23255
2498, 0.232605
2499, 0.232735
2500, 0.232725
2501, 0.232225
2502, 0.23234
2503, 0.23362
2504, 0.231455
2505, 0.232545
2506, 0.23353
2507, 0.232615
2508, 0.234565
2509, 0.233265
2510, 0.232415
2511, 0.2327
2512, 0.23217
2513, 0.234035
2514, 0.23265
2515, 0.23318
2516, 0.23347
2517, 0.2337
2518, 0.231745
2519, 0.232495
2520, 0.23376
2521, 0.233795
2522, 0.23236
2523, 0.233305
2524, 0.23175
2525, 0.23255
2526, 0.233065
2527, 0.233445
2528, 0.233405
2529, 0.230635
2530, 0.23244
2531, 0.231335
2532, 0.231325
2533, 0.233565
2534, 0.23374
2535, 0.23306
2536, 0.23319
2537, 0.23288
2538, 0.232735
2539, 0.231125
2540, 0.23045
2541, 0.233035
2542, 0.232505
2543, 0.23232
2544, 0.23327
2545, 0.232225
2546, 0.232105
2547, 0.2321
2548, 0.23325
2549, 0.23353
2550, 0.23161
2551, 0.232455
2552, 0.232565
2553, 0.23354
2554, 0.231735
2555, 0.233515
2556, 0.232895
2557, 0.231415
2558, 0.233205
2559, 0.23346
2560, 0.23274
2561, 0.23295
2562, 0.23342
2563, 0.233605
2564, 0.234335
2565, 0.234015
2566, 0.23247
2567, 0.233965
2568, 0.23275
2569, 0.23289
2570, 0.232675
2571, 0.23285
2572, 0.232475
2573, 0.2341
2574, 0.231765
2575, 0.233285
2576, 0.232525
2577, 0.2321
2578, 0.23312
2579, 0.23321
2580, 0.2344
2581, 0.23358
2582, 0.232675
2583, 0.23374
2584, 0.23259
2585, 0.233155
2586, 0.23249
2587, 0.233215
2588, 0.23215
2589, 0.232855
2590, 0.232735
2591, 0.233015
2592, 0.233395
2593, 0.234075
2594, 0.23278
2595, 0.232755
2596, 0.23282
2597, 0.23251
2598, 0.232605
2599, 0.234845
2600, 0.23376
2601, 0.232715
2602, 0.232405
2603, 0.23252
2604, 0.232365
2605, 0.233655
2606, 0.232965
2607, 0.23138
2608, 0.23226
2609, 0.23247
2610, 0.23357
2611, 0.23355
2612, 0.233865
2613, 0.234855
2614, 0.2322
2615, 0.231995
2616, 0.23253
2617, 0.23243
2618, 0.232375
2619, 0.233315
2620, 0.23306
2621, 0.233065
2622, 0.23247
2623, 0.232675
2624, 0.23239
2625, 0.232085
2626, 0.232535
2627, 0.23398
2628, 0.233355
2629, 0.23279
2630, 0.23375
2631, 0.23356
2632, 0.23245
2633, 0.233485
2634, 0.231435
2635, 0.23332
2636, 0.23102
2637, 0.233305
2638, 0.23304
2639, 0.23172
2640, 0.23281
2641, 0.23244
2642, 0.23343
2643, 0.232105
2644, 0.233825
2645, 0.2332
2646, 0.23344
2647, 0.23278
2648, 0.2341
2649, 0.232425
2650, 0.233695
2651, 0.230895
2652, 0.233265
2653, 0.23249
2654, 0.23231
2655, 0.234155
2656, 0.233765
2657, 0.233145
2658, 0.23371
2659, 0.232915
2660, 0.233835
2661, 0.23355
2662, 0.23196
2663, 0.233865
2664, 0.233985
2665, 0.232315
2666, 0.23395
2667, 0.23236
2668, 0.232815
2669, 0.23218
2670, 0.234265
2671, 0.232395
2672, 0.23314
2673, 0.233265
2674, 0.2329
2675, 0.233695
2676, 0.231685
2677, 0.232705
2678, 0.233995
2679, 0.233315
2680, 0.23421
2681, 0.232515
2682, 0.234215
2683, 0.233115
2684, 0.23164
2685, 0.232795
2686, 0.23146
2687, 0.231405
2688, 0.23299
2689, 0.232265
2690, 0.23316
2691, 0.232945
2692, 0.231935
2693, 0.23367
2694, 0.232395
2695, 0.23234
2696, 0.232605
2697, 0.233085
2698, 0.232575
2699, 0.23258
2700, 0.23272
2701, 0.232015
2702, 0.23399
2703, 0.232325
2704, 0.232675
2705, 0.23202
2706, 0.232545
2707, 0.23219
2708, 0.232815
2709, 0.23245
2710, 0.23302
2711, 0.23207
2712, 0.23183
2713, 0.232705
2714, 0.233735
2715, 0.23354
2716, 0.23317
2717, 0.23189
2718, 0.233375
2719, 0.231525
2720, 0.233425
2721, 0.23242
2722, 0.233245
2723, 0.233515
2724, 0.230805
2725, 0.23257
2726, 0.23324
2727, 0.232725
2728, 0.23241
2729, 0.23359
2730, 0.23284
2731, 0.2324
2732, 0.233865
2733, 0.232655
2734, 0.23227
2735, 0.232755
2736, 0.233365
2737, 0.233045
2738, 0.23215
2739, 0.232095
2740, 0.232855
2741, 0.23416
2742, 0.233235
2743, 0.23331
2744, 0.233375
2745, 0.23371
2746, 0.23249
2747, 0.230605
2748, 0.232745
2749, 0.23293
2750, 0.23397
2751, 0.23379
2752, 0.234305
2753, 0.23326
2754, 0.23223
2755, 0.23362
2756, 0.233165
2757, 0.233405
2758, 0.233225
2759, 0.232775
2760, 0.23377
2761, 0.233095
2762, 0.23294
2763, 0.23388
2764, 0.23488
2765, 0.231895
2766, 0.231415
2767, 0.23279
2768, 0.23202
2769, 0.23384
2770, 0.23358
2771, 0.233325
2772, 0.231385
2773, 0.231495
2774, 0.23235
2775, 0.23301
2776, 0.233335
2777, 0.231965
2778, 0.23288
2779, 0.232265
2780, 0.232165
2781, 0.233555
2782, 0.232705
2783, 0.23316
2784, 0.2334
2785, 0.23276
2786, 0.233705
2787, 0.23388
2788, 0.232585
2789, 0.23183
2790, 0.23308
2791, 0.23287
2792, 0.233065
2793, 0.23401
2794, 0.23292
2795, 0.232665
2796, 0.23378
2797, 0.233085
2798, 0.232005
2799, 0.23274
2800, 0.232765
2801, 0.23147
2802, 0.233785
2803, 0.231735
2804, 0.233515
2805, 0.23267
2806, 0.23244
2807, 0.233075
2808, 0.233755
2809, 0.23267
2810, 0.23277
2811, 0.232845
2812, 0.232155
2813, 0.23422
2814, 0.23244
2815, 0.23285
2816, 0.232405
2817, 0.233415
2818, 0.233115
2819, 0.23263
2820, 0.23231
2821, 0.23145
2822, 0.232965
2823, 0.232765
2824, 0.232465
2825, 0.232505
2826, 0.23282
2827, 0.23193
2828, 0.23265
2829, 0.233205
2830, 0.23346
2831, 0.233245
2832, 0.2334
2833, 0.23257
2834, 0.23482
2835, 0.23364
2836, 0.2329
2837, 0.234365
2838, 0.233505
2839, 0.23465
2840, 0.23283
2841, 0.233195
2842, 0.233975
2843, 0.23218
2844, 0.233115
2845, 0.23158
2846, 0.232505
2847, 0.234495
2848, 0.23362
2849, 0.23378
2850, 0.2319
2851, 0.23326
2852, 0.23133
2853, 0.234455
2854, 0.233465
2855, 0.23235
2856, 0.23239
2857, 0.23171
2858, 0.23289
2859, 0.231125
2860, 0.233815
2861, 0.23152
2862, 0.230415
2863, 0.23398
2864, 0.233485
2865, 0.23224
2866, 0.234395
2867, 0.2328
2868, 0.233045
2869, 0.232455
2870, 0.23185
2871, 0.23451
2872, 0.232525
2873, 0.23295
2874, 0.233285
2875, 0.23255
2876, 0.232715
2877, 0.231675
2878, 0.231925
2879, 0.234155
2880, 0.232875
2881, 0.23214
2882, 0.233295
2883, 0.23327
2884, 0.23218
2885, 0.232655
2886, 0.233985
2887, 0.23362
2888, 0.233415
2889, 0.232575
2890, 0.233085
2891, 0.232215
2892, 0.232605
2893, 0.233195
2894, 0.23273
2895, 0.232545
2896, 0.232015
2897, 0.232815
2898, 0.23336
2899, 0.233205
2900, 0.233025
2901, 0.23222
2902, 0.231845
2903, 0.233715
2904, 0.232365
2905, 0.23411
2906, 0.234205
2907, 0.233035
2908, 0.233645
2909, 0.232135
2910, 0.234175
2911, 0.232975
2912, 0.232965
2913, 0.233855
2914, 0.233945
2915, 0.23381
2916, 0.23266
2917, 0.232115
2918, 0.231715
2919, 0.232705
2920, 0.23272
2921, 0.233875
2922, 0.23394
2923, 0.23343
2924, 0.232425
2925, 0.23324
2926, 0.233325
2927, 0.232625
2928, 0.2315
2929, 0.233605
2930, 0.231625
2931, 0.23246
2932, 0.231545
2933, 0.233225
2934, 0.230955
2935, 0.232755
2936, 0.231735
2937, 0.233765
2938, 0.23353
2939, 0.232765
2940, 0.233145
2941, 0.23454
2942, 0.23254
2943, 0.232165
2944, 0.232785
2945, 0.232465
2946, 0.232145
2947, 0.233695
2948, 0.23268
2949, 0.232265
2950, 0.23242
2951, 0.233695
2952, 0.233255
2953, 0.232545
2954, 0.23234
2955, 0.23236
2956, 0.23192
2957, 0.232405
2958, 0.23341
2959, 0.232335
2960, 0.2322
2961, 0.232485
2962, 0.23472
2963, 0.23361
2964, 0.23434
2965, 0.232665
2966, 0.232905
2967, 0.23355
2968, 0.23281
2969, 0.2322
2970, 0.23223
2971, 0.23316
2972, 0.231895
2973, 0.23218
2974, 0.23354
2975, 0.23222
2976, 0.232785
2977, 0.23234
2978, 0.232605
2979, 0.23443
2980, 0.23325
2981, 0.23268
2982, 0.231975
2983, 0.23247
2984, 0.233915
2985, 0.23301
2986, 0.23397
2987, 0.23324
2988, 0.233425
2989, 0.233085
2990, 0.231995
2991, 0.23301
2992, 0.233385
2993, 0.23366
2994, 0.231995
2995, 0.232555
2996, 0.233065
2997, 0.232185
2998, 0.23347
2999, 0.233455
3000, 0.233675
3001, 0.23251
3002, 0.23304
3003, 0.231275
3004, 0.232415
3005, 0.231835
3006, 0.232155
3007, 0.231545
3008, 0.232675
3009, 0.23367
3010, 0.233335
3011, 0.2322
3012, 0.233465
3013, 0.23209
3014, 0.23267
3015, 0.235175
3016, 0.23378
3017, 0.23234
3018, 0.234095
3019, 0.23405
3020, 0.23258
3021, 0.232385
3022, 0.233565
3023, 0.231195
3024, 0.2315
3025, 0.2323
3026, 0.23399
3027, 0.234265
3028, 0.231635
3029, 0.23082
3030, 0.233155
3031, 0.23328
3032, 0.232145
3033, 0.232665
3034, 0.232025
3035, 0.233165
3036, 0.232265
3037, 0.2325
3038, 0.232515
3039, 0.23309
3040, 0.23115
3041, 0.23079
3042, 0.23414
3043, 0.23314
3044, 0.23317
3045, 0.233395
3046, 0.232595
3047, 0.233795
3048, 0.232995
3049, 0.232355
3050, 0.23301
3051, 0.23245
3052, 0.232665
3053, 0.232465
3054, 0.23262
3055, 0.23258
3056, 0.233185
3057, 0.231935
3058, 0.233065
3059, 0.232415
3060, 0.231485
3061, 0.23246
3062, 0.232495
3063, 0.2338
3064, 0.232755
3065, 0.23201
3066, 0.23343
3067, 0.232615
3068, 0.232415
3069, 0.233285
3070, 0.23387
3071, 0.234455
3072, 0.2331
3073, 0.232005
3074, 0.233675
3075, 0.23261
3076, 0.23245
3077, 0.23263
3078, 0.23181
3079, 0.232815
3080, 0.23241
3081, 0.23197
3082, 0.233405
3083, 0.23347
3084, 0.23167
3085, 0.23357
3086, 0.23292
3087, 0.233625
3088, 0.233435
3089, 0.23298
3090, 0.2328
3091, 0.233085
3092, 0.232125
3093, 0.232865
3094, 0.23329
3095, 0.233105
3096, 0.23265
3097, 0.233245
3098, 0.232935
3099, 0.2329
3100, 0.232995
3101, 0.23251
3102, 0.2337
3103, 0.23143
3104, 0.23286
3105, 0.23254
3106, 0.23326
3107, 0.233575
3108, 0.23407
3109, 0.233575
3110, 0.23371
3111, 0.232115
3112, 0.23206
3113, 0.230945
3114, 0.232875
3115, 0.23288
3116, 0.23433
3117, 0.23258
3118, 0.232405
3119, 0.23225
3120, 0.23387
3121, 0.231935
3122, 0.232515
3123, 0.2328
3124, 0.232935
3125, 0.234665
3126, 0.233215
3127, 0.23236
3128, 0.23277
3129, 0.234165
3130, 0.23195
3131, 0.23416
3132, 0.232875
3133, 0.23065
3134, 0.232895
3135, 0.232055
3136, 0.23208
3137, 0.233315
3138, 0.232255
3139, 0.23334
3140, 0.23197
3141, 0.23154
3142, 0.233895
3143, 0.23383
3144, 0.23183
3145, 0.23289
3146, 0.235185
3147, 0.232905
3148, 0.23375
3149, 0.232665
3150, 0.230955
3151, 0.233765
3152, 0.233125
3153, 0.23294
3154, 0.23322
3155, 0.233705
3156, 0.232315
3157, 0.23293
3158, 0.233045
3159, 0.233065
3160, 0.23212
3161, 0.23203
3162, 0.231715
3163, 0.232085
3164, 0.232985
3165, 0.232275
3166, 0.231565
3167, 0.23342
3168, 0.23377
3169, 0.232455
3170, 0.23366
3171, 0.233595
3172, 0.232675
3173, 0.232655
3174, 0.233485
3175, 0.23316
3176, 0.23322
3177, 0.23256
3178, 0.233605
3179, 0.232365
3180, 0.233055
3181, 0.232945
3182, 0.23253
3183, 0.23423
3184, 0.234595
3185, 0.234025
3186, 0.23136
3187, 0.232495
3188, 0.23347
3189, 0.23263
3190, 0.23208
3191, 0.23304
3192, 0.23377
3193, 0.23411
3194, 0.231455
3195, 0.23229
3196, 0.2329
3197, 0.2324
3198, 0.232935
3199, 0.23266
3200, 0.233265
3201, 0.23142
3202, 0.2317
3203, 0.2329
3204, 0.231755
3205, 0.23252
3206, 0.23284
3207, 0.2318
3208, 0.23179
3209, 0.231615
3210, 0.23221
3211, 0.231735
3212, 0.23291
3213, 0.233385
3214, 0.23209
3215, 0.23359
3216, 0.23206
3217, 0.2319
3218, 0.234325
3219, 0.233965
3220, 0.23333
3221, 0.234125
3222, 0.23227
3223, 0.23225
3224, 0.232255
3225, 0.23447
3226, 0.23269
3227, 0.23272
3228, 0.231615
3229, 0.23265
3230, 0.23241
3231, 0.23129
3232, 0.2335
3233, 0.231645
3234, 0.23311
3235, 0.232615
3236, 0.23225
3237, 0.23198
3238, 0.23328
3239, 0.23359
3240, 0.23229
3241, 0.232495
3242, 0.23466
3243, 0.23308
3244, 0.233915
3245, 0.234065
3246, 0.23289
3247, 0.23298
3248, 0.23308
3249, 0.2334
3250, 0.232335
3251, 0.232925
3252, 0.23243
3253, 0.232355
3254, 0.23337
3255, 0.23105
3256, 0.234035
3257, 0.23328
3258, 0.232205
3259, 0.234
3260, 0.233435
3261, 0.23286
3262, 0.23204
3263, 0.23278
3264, 0.23304
3265, 0.233705
3266, 0.233675
3267, 0.23342
3268, 0.23173
3269, 0.235
3270, 0.233385
3271, 0.23325
3272, 0.233345
3273, 0.232875
3274, 0.231195
3275, 0.23269
3276, 0.233365
3277, 0.233705
3278, 0.23107
3279, 0.234425
3280, 0.233365
3281, 0.233195
3282, 0.234405
3283, 0.2323
3284, 0.232595
3285, 0.231645
3286, 0.23207
3287, 0.232295
3288, 0.233145
3289, 0.23379
3290, 0.23552
3291, 0.232175
3292, 0.2332
3293, 0.23203
3294, 0.232545
3295, 0.232755
3296, 0.234365
3297, 0.231235
3298, 0.233305
3299, 0.23313
3300, 0.23371
3301, 0.23311
3302, 0.23222
3303, 0.232485
3304, 0.233155
3305, 0.23301
3306, 0.23288
3307, 0.232685
3308, 0.233255
3309, 0.2336
3310, 0.23272
3311, 0.232865
3312, 0.231855
3313, 0.23281
3314, 0.23343
3315, 0.232765
3316, 0.232325
3317, 0.232465
3318, 0.233385
3319, 0.232555
3320, 0.23483
3321, 0.233405
3322, 0.23412
3323, 0.23359
3324, 0.23222
3325, 0.23372
3326, 0.232635
3327, 0.231795
3328, 0.232135
3329, 0.233095
3330, 0.232685
3331, 0.23231
3332, 0.23285
3333, 0.23287
3334, 0.23252
3335, 0.232645
3336, 0.232745
3337, 0.232545
3338, 0.233085
3339, 0.23381
3340, 0.23307
3341, 0.234435
3342, 0.234225
3343, 0.23353
3344, 0.23184
3345, 0.23281
3346, 0.232155
3347, 0.23284
3348, 0.233635
3349, 0.23349
3350, 0.232225
3351, 0.233575
3352, 0.231775
3353, 0.233305
3354, 0.232515
3355, 0.23174
3356, 0.23269
3357, 0.23273
3358, 0.23256
3359, 0.23308
3360, 0.232525
3361, 0.23328
3362, 0.23372
3363, 0.23429
3364, 0.232375
3365, 0.23245
3366, 0.2324
3367, 0.232425
3368, 0.23319
3369, 0.2325
3370, 0.23219
3371, 0.23243
3372, 0.2346
3373, 0.233
3374, 0.23076
3375, 0.231975
3376, 0.23323
3377, 0.23317
3378, 0.23196
3379, 0.23325
3380, 0.232055
3381, 0.23399
3382, 0.233185
3383, 0.232015
3384, 0.232185
3385, 0.23279
3386, 0.233025
3387, 0.231375
3388, 0.23306
3389, 0.23209
3390, 0.23125
3391, 0.23269
3392, 0.23042
3393, 0.23224
3394, 0.23395
3395, 0.233455
3396, 0.23153
3397, 0.2313
3398, 0.23224
3399, 0.23371
3400, 0.233845
3401, 0.233215
3402, 0.231955
3403, 0.23395
3404, 0.232445
3405, 0.2321
3406, 0.232725
3407, 0.233665
3408, 0.23328
3409, 0.231905
3410, 0.23165
3411, 0.233355
3412, 0.232755
3413, 0.232345
3414, 0.23201
3415, 0.233695
3416, 0.2323
3417, 0.232355
3418, 0.233
3419, 0.23262
3420, 0.232775
3421, 0.233275
3422, 0.23317
3423, 0.23282
3424, 0.232985
3425, 0.23293
3426, 0.23289
3427, 0.23297
3428, 0.23291
3429, 0.23251
3430, 0.232545
3431, 0.23225
3432, 0.232795
3433, 0.23133
3434, 0.23328
3435, 0.233825
3436, 0.232835
3437, 0.23231
3438, 0.23161
3439, 0.23222
3440, 0.23396
3441, 0.232495
3442, 0.231445
3443, 0.232945
3444, 0.233505
3445, 0.233365
3446, 0.233185
3447, 0.2321
3448, 0.23249
3449, 0.23099
3450, 0.23395
3451, 0.23383
3452, 0.233695
3453, 0.232035
3454, 0.23219
3455, 0.23352
3456, 0.23219
3457, 0.232225
3458, 0.233795
3459, 0.23141
3460, 0.232605
3461, 0.23241
3462, 0.2333
3463, 0.231585
3464, 0.232375
3465, 0.23256
3466, 0.234565
3467, 0.23165
3468, 0.23306
3469, 0.23349
3470, 0.2334
3471, 0.232005
3472, 0.23256
3473, 0.23265
3474, 0.23237
3475, 0.233565
3476, 0.23223
3477, 0.234395
3478, 0.231955
3479, 0.23322
3480, 0.23347
3481, 0.232985
3482, 0.23305
3483, 0.232815
3484, 0.23262
3485, 0.233015
3486, 0.232025
3487, 0.231885
3488, 0.233265
3489, 0.230265
3490, 0.23352
3491, 0.23177
3492, 0.233855
3493, 0.233315
3494, 0.23255
3495, 0.23271
3496, 0.23229
3497, 0.23174
3498, 0.233335
3499, 0.23468
3500, 0.23376
3501, 0.23251
3502, 0.233405
3503, 0.23388
3504, 0.233425
3505, 0.23257
3506, 0.233205
3507, 0.23289
3508, 0.232555
3509, 0.233975
3510, 0.233205
3511, 0.230925
3512, 0.232485
3513, 0.23362
3514, 0.232555
3515, 0.231965
3516, 0.232685
3517, 0.233275
3518, 0.232155
3519, 0.2337
3520, 0.2335
3521, 0.23171
3522, 0.231755
3523, 0.23263
3524, 0.231515
3525, 0.232325
3526, 0.232845
3527, 0.23322
3528, 0.232365
3529, 0.23187
3530, 0.23352
3531, 0.23262
3532, 0.232965
3533, 0.23308
3534, 0.23195
3535, 0.232075
3536, 0.232535
3537, 0.232955
3538, 0.23285
3539, 0.232635
3540, 0.2334
3541, 0.23218
3542, 0.232235
3543, 0.23197
3544, 0.23209
3545, 0.233325
3546, 0.234215
3547, 0.231755
3548, 0.233195
3549, 0.233045
3550, 0.232935
3551, 0.232985
3552, 0.23214
3553, 0.232965
3554, 0.23326
3555, 0.233545
3556, 0.23199
3557, 0.23226
3558, 0.23151
3559, 0.233025
3560, 0.23382
3561, 0.234595
3562, 0.232745
3563, 0.23183
3564, 0.232325
3565, 0.233615
3566, 0.2337
3567, 0.233665
3568, 0.23292
3569, 0.23267
3570, 0.232335
3571, 0.23275
3572, 0.23247
3573, 0.2321
3574, 0.23157
3575, 0.23294
3576, 0.232595
3577, 0.2317
3578, 0.23393
3579, 0.23312
3580, 0.23238
3581, 0.234305
3582, 0.232905
3583, 0.232105
3584, 0.232855
3585, 0.23344
3586, 0.233095
3587, 0.2336
3588, 0.23374
3589, 0.233185
3590, 0.233845
3591, 0.232475
3592, 0.232515
3593, 0.231975
3594, 0.23179
3595, 0.233795
3596, 0.233285
3597, 0.23203
3598, 0.23284
3599, 0.23352
3600, 0.234235
3601, 0.23339
3602, 0.232635
3603, 0.233875
3604, 0.23345
3605, 0.23312
3606, 0.231635
3607, 0.233895
3608, 0.23408
3609, 0.232655
3610, 0.23295
3611, 0.233475
3612, 0.23306
3613, 0.2328
3614, 0.23403
3615, 0.23439
3616, 0.23196
3617, 0.23345
3618, 0.232545
3619, 0.231915
3620, 0.23238
3621, 0.232535
3622, 0.23235
3623, 0.233635
3624, 0.2335
3625, 0.233145
3626, 0.233005
3627, 0.231945
3628, 0.23295
3629, 0.232245
3630, 0.23339
3631, 0.233405
3632, 0.23281
3633, 0.23177
3634, 0.23234
3635, 0.23306
3636, 0.23278
3637, 0.23337
3638, 0.233465
3639, 0.233865
3640, 0.232105
3641, 0.2335
3642, 0.232545
3643, 0.232515
3644, 0.232575
3645, 0.232125
3646, 0.2332
3647, 0.234135
3648, 0.23367
3649, 0.23203
3650, 0.234255
3651, 0.232
3652, 0.233325
3653, 0.231705
3654, 0.233195
3655, 0.23264
3656, 0.23374
3657, 0.2343
3658, 0.233285
3659, 0.23323
3660, 0.23264
3661, 0.232885
3662, 0.23313
3663, 0.232425
3664, 0.23256
3665, 0.23263
3666, 0.233035
3667, 0.23225
3668, 0.232405
3669, 0.234085
3670, 0.232755
3671, 0.232695
3672, 0.23278
3673, 0.232695
3674, 0.23173
3675, 0.231955
3676, 0.233575
3677, 0.231995
3678, 0.23206
3679, 0.23234
3680, 0.233115
3681, 0.23202
3682, 0.233435
3683, 0.234325
3684, 0.23296
3685, 0.23265
3686, 0.23215
3687, 0.2324
3688, 0.23219
3689, 0.23274
3690, 0.232845
3691, 0.23299
3692, 0.231925
3693, 0.234355
3694, 0.234
3695, 0.233765
3696, 0.233625
3697, 0.23305
3698, 0.232285
3699, 0.233755
3700, 0.232015
3701, 0.23272
3702, 0.231755
3703, 0.23325
3704, 0.233295
3705, 0.232485
3706, 0.23316
3707, 0.23503
3708, 0.23204
3709, 0.232165
3710, 0.23319
3711, 0.233725
3712, 0.23261
3713, 0.23314
3714, 0.231925
3715, 0.233925
3716, 0.232425
3717, 0.23335
3718, 0.23265
3719, 0.232575
3720, 0.23289
3721, 0.232975
3722, 0.23411
3723, 0.23109
3724, 0.232565
3725, 0.232455
3726, 0.23187
3727, 0.233435
3728, 0.232065
3729, 0.232
3730, 0.233835
3731, 0.23226
3732, 0.23262
3733, 0.232665
3734, 0.233945
3735, 0.23377
3736, 0.2331
3737, 0.23312
3738, 0.232275
3739, 0.23263
3740, 0.23157
3741, 0.23243
3742, 0.23321
3743, 0.23218
3744, 0.23189
3745, 0.233935
3746, 0.232355
3747, 0.23506
3748, 0.233815
3749, 0.232235
3750, 0.23138
3751, 0.231565
3752, 0.232625
3753, 0.231255
3754, 0.23279
3755, 0.233555
3756, 0.23302
3757, 0.2323
3758, 0.232955
3759, 0.23282
3760, 0.23283
3761, 0.232515
3762, 0.231345
3763, 0.234345
3764, 0.23419
3765, 0.231465
3766, 0.232105
3767, 0.23218
3768, 0.232515
3769, 0.231575
3770, 0.23165
3771, 0.23324
3772, 0.23249
3773, 0.23402
3774, 0.23284
3775, 0.232775
3776, 0.232825
3777, 0.23347
3778, 0.23221
3779, 0.232455
3780, 0.232965
3781, 0.23424
3782, 0.23295
3783, 0.23269
3784, 0.23291
3785, 0.23351
3786, 0.23388
3787, 0.23324
3788, 0.23391
3789, 0.2329
3790, 0.23367
3791, 0.232725
3792, 0.233015
3793, 0.23269
3794, 0.23371
3795, 0.233285
3796, 0.23253
3797, 0.233765
3798, 0.23272
3799, 0.23489
3800, 0.233275
3801, 0.23197
3802, 0.233055
3803, 0.231765
3804, 0.23482
3805, 0.23247
3806, 0.23338
3807, 0.232415
3808, 0.233145
3809, 0.23342
3810, 0.232485
3811, 0.23313
3812, 0.232745
3813, 0.23329
3814, 0.231905
3815, 0.23194
3816, 0.23244
3817, 0.23338
3818, 0.232975
3819, 0.23241
3820, 0.23168
3821, 0.233385
3822, 0.23277
3823, 0.232755
3824, 0.23281
3825, 0.23291
3826, 0.233085
3827, 0.23411
3828, 0.231765
3829, 0.2326
3830, 0.234905
3831, 0.234195
3832, 0.232155
3833, 0.23201
3834, 0.234515
3835, 0.232695
3836, 0.233395
3837, 0.23259
3838, 0.233135
3839, 0.233335
3840, 0.233855
3841, 0.23288
3842, 0.233205
3843, 0.232085
3844, 0.23084
3845, 0.232275
3846, 0.233925
3847, 0.232055
3848, 0.231885
3849, 0.232835
3850, 0.232585
3851, 0.23272
3852, 0.23274
3853, 0.23292
3854, 0.233825
3855, 0.23211
3856, 0.232765
3857, 0.232125
3858, 0.232455
3859, 0.23258
3860, 0.23453
3861, 0.23166
3862, 0.230795
3863, 0.231755
3864, 0.232565
3865, 0.23436
3866, 0.233065
3867, 0.232785
3868, 0.23249
3869, 0.234665
3870, 0.230735
3871, 0.23209
3872, 0.23363
3873, 0.23337
3874, 0.2329
3875, 0.23297
3876, 0.23291
3877, 0.231155
3878, 0.2334
3879, 0.232525
3880, 0.23302
3881, 0.23445
3882, 0.23324
3883, 0.233145
3884, 0.231835
3885, 0.233315
3886, 0.23392
3887, 0.232725
3888, 0.233435
3889, 0.232195
3890, 0.231555
3891, 0.23279
3892, 0.234325
3893, 0.232415
3894, 0.23367
3895, 0.231395
3896, 0.2327
3897, 0.23297
3898, 0.232855
3899, 0.232405
3900, 0.231805
3901, 0.23298
3902, 0.23263
3903, 0.23329
3904, 0.23404
3905, 0.2331
3906, 0.23345
3907, 0.231755
3908, 0.232605
3909, 0.23324
3910, 0.23244
3911, 0.233425
3912, 0.23428
3913, 0.233295
3914, 0.23205
3915, 0.231835
3916, 0.23323
3917, 0.234395
3918, 0.23267
3919, 0.233025
3920, 0.23192
3921, 0.23257
3922, 0.23347
3923, 0.233255
3924, 0.234245
3925, 0.232425
3926, 0.233435
3927, 0.233995
3928, 0.233245
3929, 0.232415
3930, 0.23271
3931, 0.232895
3932, 0.233315
3933, 0.233075
3934, 0.2339
3935, 0.23357
3936, 0.23284
3937, 0.23257
3938, 0.23226
3939, 0.232175
3940, 0.23259
3941, 0.233195
3942, 0.23379
3943, 0.23343
3944, 0.232825
3945, 0.232675
3946, 0.23242
3947, 0.23278
3948, 0.233875
3949, 0.23326
3950, 0.23343
3951, 0.23319
3952, 0.2324
3953, 0.23161
3954, 0.232135
3955, 0.233455
3956, 0.23321
3957, 0.231655
3958, 0.232745
3959, 0.233485
3960, 0.23169
3961, 0.233995
3962, 0.23349
3963, 0.232465
3964, 0.234175
3965, 0.2315
3966, 0.23329
3967, 0.232835
3968, 0.233
3969, 0.23291
3970, 0.23437
3971, 0.233465
3972, 0.232825
3973, 0.232545
3974, 0.231605
3975, 0.23292
3976, 0.231495
3977, 0.232535
3978, 0.23261
3979, 0.23269
3980, 0.233005
3981, 0.234385
3982, 0.2336
3983, 0.232805
3984, 0.23356
3985, 0.23247
3986, 0.233985
3987, 0.230905
3988, 0.232885
3989, 0.23287
3990, 0.23331
3991, 0.233545
3992, 0.231865
3993, 0.233125
3994, 0.23337
3995, 0.231305
3996, 0.2335
3997, 0.233245
3998, 0.232685
3999, 0.23208
4000, 0.23327
4001, 0.2354
4002, 0.232415
4003, 0.23244
4004, 0.23476
4005, 0.231605
4006, 0.233045
4007, 0.23372
4008, 0.23394
4009, 0.233325
4010, 0.231625
4011, 0.23266
4012, 0.233105
4013, 0.23212
4014, 0.23251
4015, 0.232895
4016, 0.232945
4017, 0.232985
4018, 0.231805
4019, 0.231645
4020, 0.2326
4021, 0.2323
4022, 0.2337
4023, 0.23264
4024, 0.231795
4025, 0.232615
4026, 0.232645
4027, 0.2331
4028, 0.233925
4029, 0.232735
4030, 0.233385
4031, 0.233655
4032, 0.233975
4033, 0.232755
4034, 0.23271
4035, 0.23178
4036, 0.23477
4037, 0.233885
4038, 0.23233
4039, 0.23331
4040, 0.2319
4041, 0.232605
4042, 0.23329
4043, 0.23392
4044, 0.233285
4045, 0.23314
4046, 0.23332
4047, 0.23367
4048, 0.23195
4049, 0.231885
4050, 0.232615
4051, 0.23293
4052, 0.23261
4053, 0.23439
4054, 0.232565
4055, 0.233885
4056, 0.23298
4057, 0.232675
4058, 0.233935
4059, 0.23359
4060, 0.232045
4061, 0.2314
4062, 0.233255
4063, 0.232575
4064, 0.232615
4065, 0.231525
4066, 0.233275
4067, 0.232
4068, 0.233685
4069, 0.23313
4070, 0.23276
4071, 0.234525
4072, 0.233775
4073, 0.23296
4074, 0.2328
4075, 0.23502
4076, 0.232555
4077, 0.232655
4078, 0.23387
4079, 0.232365
4080, 0.23217
4081, 0.232575
4082, 0.23226
4083, 0.23306
4084, 0.23211
4085, 0.23268
4086, 0.232835
4087, 0.232785
4088, 0.231995
4089, 0.23302
4090, 0.232935
4091, 0.23422
4092, 0.234005
4093, 0.2323
4094, 0.23372
4095, 0.233555
4096, 0.23281
4097, 0.233935
4098, 0.23287
4099, 0.233125
4100, 0.231685
4101, 0.23292
4102, 0.23244
4103, 0.232275
4104, 0.233845
4105, 0.232555
4106, 0.232665
4107, 0.232985
4108, 0.23274
4109, 0.232735
4110, 0.23526
4111, 0.23262
4112, 0.233045
4113, 0.233005
4114, 0.235
4115, 0.233565
4116, 0.232385
4117, 0.23342
4118, 0.232145
4119, 0.23357
4120, 0.232085
4121, 0.231815
4122, 0.232415
4123, 0.23186
4124, 0.233275
4125, 0.232875
4126, 0.2315
4127, 0.232525
4128, 0.230975
4129, 0.233775
4130, 0.23253
4131, 0.232945
4132, 0.233055
4133, 0.23367
4134, 0.233645
4135, 0.233335
4136, 0.23229
4137, 0.233245
4138, 0.23188
4139, 0.2343
4140, 0.23216
4141, 0.23363
4142, 0.2333
4143, 0.233455
4144, 0.231325
4145, 0.234065
4146, 0.23265
4147, 0.231995
4148, 0.23339
4149, 0.233005
4150, 0.2321
4151, 0.232075
4152, 0.23161
4153, 0.23362
4154, 0.232685
4155, 0.232585
4156, 0.23284
4157, 0.23286
4158, 0.231445
4159, 0.23097
4160, 0.233155
4161, 0.2334
4162, 0.23394
4163, 0.23223
4164, 0.232175
4165, 0.23427
4166, 0.23247
4167, 0.232685
4168, 0.23391
4169, 0.23108
4170, 0.23273
4171, 0.233035
4172, 0.2334
4173, 0.23223
4174, 0.233075
4175, 0.232745
4176, 0.23227
4177, 0.23179
4178, 0.23374
4179, 0.23294
4180, 0.233325
4181, 0.23315
4182, 0.231345
4183, 0.232935
4184, 0.232065
4185, 0.232495
4186, 0.23252
4187, 0.23366
4188, 0.233975
4189, 0.23251
4190, 0.232775
4191, 0.23257
4192, 0.232605
4193, 0.233375
4194, 0.233935
4195, 0.231795
4196, 0.23354
4197, 0.2328
4198, 0.23391
4199, 0.23231
4200, 0.23253
4201, 0.23164
4202, 0.2339
4203, 0.23375
4204, 0.232715
4205, 0.231145
4206, 0.234375
4207, 0.23251
4208, 0.23296
4209, 0.2325
4210, 0.23253
4211, 0.231755
4212, 0.233955
4213, 0.23155
4214, 0.233815
4215, 0.23241
4216, 0.23269
4217, 0.23193
4218, 0.23272
4219, 0.23366
4220, 0.23265
4221, 0.233535
4222, 0.23197
4223, 0.23311
4224, 0.23226
4225, 0.232965
4226, 0.23338
4227, 0.233005
4228, 0.232215
4229, 0.23239
4230, 0.233865
4231, 0.23281
4232, 0.232385
4233, 0.2322
4234, 0.232275
4235, 0.23377
4236, 0.23266
4237, 0.23286
4238, 0.231675
4239, 0.232845
4240, 0.231645
4241, 0.231425
4242, 0.23298
4243, 0.233
4244, 0.23377
4245, 0.232975
4246, 0.233145
4247, 0.23344
4248, 0.23438
4249, 0.233425
4250, 0.23208
4251, 0.233745
4252, 0.233615
4253, 0.23229
4254, 0.232615
4255, 0.233675
4256, 0.23303
4257, 0.230985
4258, 0.23321
4259, 0.233465
4260, 0.23256
4261, 0.23213
4262, 0.23325
4263, 0.234035
4264, 0.233525
4265, 0.233475
4266, 0.232255
4267, 0.23285
4268, 0.233805
4269, 0.23302
4270, 0.23347
4271, 0.232985
4272, 0.233765
4273, 0.232155
4274, 0.23303
4275, 0.231865
4276, 0.23128
4277, 0.232645
4278, 0.233215
4279, 0.232305
4280, 0.23268
4281, 0.232885
4282, 0.232845
4283, 0.232355
4284, 0.233245
4285, 0.23293
4286, 0.233885
4287, 0.23356
4288, 0.2331
4289, 0.233655
4290, 0.233175
4291, 0.23348
4292, 0.233145
4293, 0.23283
4294, 0.231905
4295, 0.233425
4296, 0.23333
4297, 0.23279
4298, 0.23239
4299, 0.23211
4300, 0.23387
4301, 0.23336
4302, 0.23409
4303, 0.233335
4304, 0.234105
4305, 0.23327
4306, 0.23264
4307, 0.233225
4308, 0.233715
4309, 0.232185
4310, 0.23304
4311, 0.23282
4312, 0.23237
4313, 0.23172
4314, 0.232565
4315, 0.234545
4316, 0.231935
4317, 0.23325
4318, 0.232935
4319, 0.232725
4320, 0.232335
4321, 0.232695
4322, 0.23305
4323, 0.23301
4324, 0.232635
4325, 0.233455
4326, 0.233345
4327, 0.232975
4328, 0.233155
4329, 0.232115
4330, 0.23258
4331, 0.232565
4332, 0.23266
4333, 0.23225
4334, 0.234025
4335, 0.232795
4336, 0.23327
4337, 0.232475
4338, 0.233135
4339, 0.23141
4340, 0.233895
4341, 0.23336
4342, 0.23257
4343, 0.23236
4344, 0.23337
4345, 0.232805
4346, 0.233075
4347, 0.233525
4348, 0.2331
4349, 0.233405
4350, 0.23398
4351, 0.23329
4352, 0.233075
4353, 0.23341
4354, 0.23338
4355, 0.23201
4356, 0.23276
4357, 0.23263
4358, 0.232315
4359, 0.233345
4360, 0.23379
4361, 0.232475
4362, 0.232545
4363, 0.232435
4364, 0.233785
4365, 0.232655
4366, 0.2331
4367, 0.23359
4368, 0.23188
4369, 0.23296
4370, 0.232315
4371, 0.23311
4372, 0.23283
4373, 0.2326
4374, 0.23284
4375, 0.233485
4376, 0.23251
4377, 0.23243
4378, 0.23301
4379, 0.23321
4380, 0.232395
4381, 0.232155
4382, 0.23261
4383, 0.232305
4384, 0.234095
4385, 0.23303
4386, 0.23466
4387, 0.232115
4388, 0.23399
4389, 0.231125
4390, 0.23409
4391, 0.23254
4392, 0.23271
4393, 0.233385
4394, 0.231285
4395, 0.233055
4396, 0.23328
4397, 0.23214
4398, 0.23395
4399, 0.23363
4400, 0.2321
4401, 0.232045
4402, 0.233505
4403, 0.23331
4404, 0.232345
4405, 0.232885
4406, 0.23286
4407, 0.232465
4408, 0.233405
4409, 0.232985
4410, 0.234795
4411, 0.23415
4412, 0.23378
4413, 0.232205
4414, 0.23274
4415, 0.23328
4416, 0.233935
4417, 0.2318
4418, 0.233
4419, 0.234275
4420, 0.232125
4421, 0.233645
4422, 0.233125
4423, 0.233565
4424, 0.23292
4425, 0.233655
4426, 0.23334
4427, 0.2336
4428, 0.232745
4429, 0.23322
4430, 0.232735
4431, 0.23209
4432, 0.23245
4433, 0.23109
4434, 0.23376
4435, 0.232895
4436, 0.232785
4437, 0.23247
4438, 0.233415
4439, 0.23406
4440, 0.23281
4441, 0.233075
4442, 0.232595
4443, 0.232715
4444, 0.233685
4445, 0.232695
4446, 0.23312
4447, 0.233295
4448, 0.233535
4449, 0.234695
4450, 0.23226
4451, 0.232955
4452, 0.232425
4453, 0.2338
4454, 0.23482
4455, 0.232225
4456, 0.23157
4457, 0.23349
4458, 0.23283
4459, 0.23253
4460, 0.233395
4461, 0.2336
4462, 0.23222
4463, 0.23205
4464, 0.233075
4465, 0.23198
4466, 0.23249
4467, 0.232515
4468, 0.232415
4469, 0.232495
4470, 0.231635
4471, 0.231735
4472, 0.233935
4473, 0.233065
4474, 0.232085
4475, 0.233485
4476, 0.233165
4477, 0.233515
4478, 0.23157
4479, 0.233785
4480, 0.232605
4481, 0.231925
4482, 0.23456
4483, 0.232285
4484, 0.23347
4485, 0.232555
4486, 0.23185
4487, 0.23394
4488, 0.233385
4489, 0.23217
4490, 0.233205
4491, 0.233635
4492, 0.23379
4493, 0.23294
4494, 0.231975
4495, 0.232155
4496, 0.233285
4497, 0.231845
4498, 0.23164
4499, 0.233595
4500, 0.233455
4501, 0.232875
4502, 0.23216
4503, 0.23238
4504, 0.233975
4505, 0.23288
4506, 0.234105
4507, 0.233645
4508, 0.233805
4509, 0.23247
4510, 0.233615
4511, 0.231485
4512, 0.232995
4513, 0.23403
4514, 0.232975
4515, 0.232615
4516, 0.233705
4517, 0.23244
4518, 0.233405
4519, 0.23232
4520, 0.23186
4521, 0.23077
4522, 0.23258
4523, 0.23308
4524, 0.233555
4525, 0.233295
4526, 0.23334
4527, 0.23251
4528, 0.23258
4529, 0.2337
4530, 0.23243
4531, 0.233595
4532, 0.23238
4533, 0.23069
4534, 0.232445
4535, 0.23159
4536, 0.231775
4537, 0.23262
4538, 0.232965
4539, 0.23294
4540, 0.233275
4541, 0.23407
4542, 0.23324
4543, 0.23311
4544, 0.23229
4545, 0.23406
4546, 0.23241
4547, 0.231765
4548, 0.23179
4549, 0.232645
4550, 0.23362
4551, 0.23294
4552, 0.23311
4553, 0.233385
4554, 0.231685
4555, 0.233085
4556, 0.23327
4557, 0.23359
4558, 0.23294
4559, 0.233725
4560, 0.232335
4561, 0.232645
4562, 0.23277
4563, 0.233155
4564, 0.23305
4565, 0.233675
4566, 0.232265
4567, 0.231955
4568, 0.232805
4569, 0.23274
4570, 0.233185
4571, 0.23328
4572, 0.23305
4573, 0.23301
4574, 0.23297
4575, 0.233145
4576, 0.230895
4577, 0.231985
4578, 0.232775
4579, 0.23418
4580, 0.23268
4581, 0.233825
4582, 0.23439
4583, 0.23426
4584, 0.233385
4585, 0.231945
4586, 0.232365
4587, 0.23231
4588, 0.2318
4589, 0.23386
4590, 0.231415
4591, 0.233335
4592, 0.23295
4593, 0.23506
4594, 0.23278
4595, 0.232615
4596, 0.232375
4597, 0.232395
4598, 0.2336
4599, 0.2334
4600, 0.232935
4601, 0.23288
4602, 0.233905
4603, 0.233115
4604, 0.232325
4605, 0.23214
4606, 0.232015
4607, 0.233235
4608, 0.235185
4609, 0.23426
4610, 0.23284
4611, 0.233755
4612, 0.23355
4613, 0.23241
4614, 0.23306
4615, 0.232155
4616, 0.231625
4617, 0.23312
4618, 0.23335
4619, 0.231785
4620, 0.231405
4621, 0.23183
4622, 0.235015
4623, 0.23346
4624, 0.232295
4625, 0.2331
4626, 0.232035
4627, 0.231315
4628, 0.231975
4629, 0.2319
4630, 0.2339
4631, 0.23301
4632, 0.232225
4633, 0.23226
4634, 0.23433
4635, 0.231435
4636, 0.233975
4637, 0.23282
4638, 0.23304
4639, 0.23377
4640, 0.23183
4641, 0.23385
4642, 0.23245
4643, 0.233305
4644, 0.231395
4645, 0.23207
4646, 0.232885
4647, 0.23247
4648, 0.23193
4649, 0.233325
4650, 0.23322
4651, 0.23256
4652, 0.2338
4653, 0.232215
4654, 0.23268
4655, 0.234545
4656, 0.233745
4657, 0.233005
4658, 0.23316
4659, 0.23276
4660, 0.232435
4661, 0.231925
4662, 0.23347
4663, 0.233315
4664, 0.232875
4665, 0.23233
4666, 0.232855
4667, 0.232295
4668, 0.23287
4669, 0.23228
4670, 0.233425
4671, 0.232155
4672, 0.23341
4673, 0.231625
4674, 0.233085
4675, 0.23297
4676, 0.233425
4677, 0.232065
4678, 0.232595
4679, 0.233115
4680, 0.232555
4681, 0.231365
4682, 0.23391
4683, 0.232665
4684, 0.23183
4685, 0.23386
4686, 0.233455
4687, 0.232725
4688, 0.23311
4689, 0.232575
4690, 0.23358
4691, 0.23582
4692, 0.232815
4693, 0.233475
4694, 0.232645
4695, 0.231795
4696, 0.2332
4697, 0.23198
4698, 0.23253
4699, 0.230515
4700, 0.23295
4701, 0.23418
4702, 0.23184
4703, 0.23307
4704, 0.23352
4705, 0.232375
4706, 0.232875
4707, 0.233615
4708, 0.232625
4709, 0.23362
4710, 0.233915
4711, 0.231785
4712, 0.23244
4713, 0.233025
4714, 0.23198
4715, 0.23289
4716, 0.232505
4717, 0.23243
4718, 0.233085
4719, 0.23358
4720, 0.23324
4721, 0.23296
4722, 0.23237
4723, 0.23229
4724, 0.23251
4725, 0.23347
4726, 0.233275
4727, 0.23379
4728, 0.23222
4729, 0.23271
4730, 0.23331
4731, 0.233745
4732, 0.232525
4733, 0.232555
4734, 0.232065
4735, 0.234205
4736, 0.2337
4737, 0.23303
4738, 0.233475
4739, 0.232655
4740, 0.232615
4741, 0.232665
4742, 0.233925
4743, 0.232745
4744, 0.233145
4745, 0.23244
4746, 0.232865
4747, 0.233455
4748, 0.2328
4749, 0.23316
4750, 0.232885
4751, 0.2317
4752, 0.23169
4753, 0.23426
4754, 0.233325
4755, 0.23318
4756, 0.23319
4757, 0.233385
4758, 0.23026
4759, 0.232165
4760, 0.23215
4761, 0.232885
4762, 0.233925
4763, 0.233545
4764, 0.232415
4765, 0.232805
4766, 0.23212
4767, 0.23286
4768, 0.234145
4769, 0.2324
4770, 0.233905
4771, 0.23231
4772, 0.23349
4773, 0.232335
4774, 0.233075
4775, 0.23382
4776, 0.232495
4777, 0.23305
4778, 0.23189
4779, 0.232725
4780, 0.2323
4781, 0.233675
4782, 0.2319
4783, 0.233475
4784, 0.23163
4785, 0.23239
4786, 0.234995
4787, 0.233235
4788, 0.232825
4789, 0.23256
4790, 0.2339
4791, 0.233455
4792, 0.23286
4793, 0.232035
4794, 0.2324
4795, 0.23186
4796, 0.232025
4797, 0.232225
4798, 0.233175
4799, 0.23335
4800, 0.23319
4801, 0.2333
4802, 0.23278
4803, 0.23345
4804, 0.23344
4805, 0.23189
4806, 0.231405
4807, 0.231785
4808, 0.23336
4809, 0.233005
4810, 0.232915
4811, 0.232595
4812, 0.233015
4813, 0.23218
4814, 0.233365
4815, 0.2318
4816, 0.232805
4817, 0.23289
4818, 0.23308
4819, 0.23271
4820, 0.23346
4821, 0.23255
4822, 0.233825
4823, 0.232605
4824, 0.23356
4825, 0.232695
4826, 0.232595
4827, 0.232545
4828, 0.23386
4829, 0.233235
4830, 0.231465
4831, 0.233025
4832, 0.23436
4833, 0.23361
4834, 0.231575
4835, 0.23302
4836, 0.234935
4837, 0.23291
4838, 0.233235
4839, 0.23241
4840, 0.23446
4841, 0.233305
4842, 0.2343
4843, 0.2339
4844, 0.23398
4845, 0.23332
4846, 0.23329
4847, 0.232375
4848, 0.232825
4849, 0.234115
4850, 0.23376
4851, 0.23234
4852, 0.232435
4853, 0.23113
4854, 0.23339
4855, 0.2319
4856, 0.23383
4857, 0.23185
4858, 0.232145
4859, 0.23217
4860, 0.232565
4861, 0.23215
4862, 0.23296
4863, 0.23292
4864, 0.233135
4865, 0.232495
4866, 0.231115
4867, 0.23199
4868, 0.233295
4869, 0.231225
4870, 0.233465
4871, 0.233385
4872, 0.23277
4873, 0.23261
4874, 0.23297
4875, 0.23372
4876, 0.233055
4877, 0.232695
4878, 0.23416
4879, 0.233025
4880, 0.23469
4881, 0.23284
4882, 0.231215
4883, 0.23254
4884, 0.231945
4885, 0.23318
4886, 0.232255
4887, 0.23355
4888, 0.23328
4889, 0.233445
4890, 0.232805
4891, 0.23355
4892, 0.23365
4893, 0.23278
4894, 0.23154
4895, 0.231565
4896, 0.233115
4897, 0.23343
4898, 0.23132
4899, 0.232115
4900, 0.233815
4901, 0.232985
4902, 0.233415
4903, 0.23173
4904, 0.232535
4905, 0.23144
4906, 0.232635
4907, 0.232715
4908, 0.23405
4909, 0.23226
4910, 0.23232
4911, 0.23389
4912, 0.23294
4913, 0.233285
4914, 0.2338
4915, 0.232535
4916, 0.23334
4917, 0.232905
4918, 0.23308
4919, 0.232095
4920, 0.233205
4921, 0.233545
4922, 0.232985
4923, 0.233615
4924, 0.231355
4925, 0.23382
4926, 0.23185
4927, 0.233035
4928, 0.23328
4929, 0.23259
4930, 0.233785
4931, 0.232995
4932, 0.232485
4933, 0.231085
4934, 0.232465
4935, 0.23318
4936, 0.233565
4937, 0.23423
4938, 0.231205
4939, 0.23168
4940, 0.23334
4941, 0.234915
4942, 0.231635
4943, 0.2322
4944, 0.232755
4945, 0.23292
4946, 0.233465
4947, 0.23395
4948, 0.23372
4949, 0.23277
4950, 0.232915
4951, 0.234405
4952, 0.232165
4953, 0.232665
4954, 0.2322
4955, 0.23259
4956, 0.233665
4957, 0.234355
4958, 0.233875
4959, 0.23289
4960, 0.233125
4961, 0.232315
4962, 0.23258
4963, 0.23306
4964, 0.23351
4965, 0.23159
4966, 0.23275
4967, 0.23209
4968, 0.233365
4969, 0.231345
4970, 0.231525
4971, 0.23263
4972, 0.23146
4973, 0.23278
4974, 0.233085
4975, 0.232645
4976, 0.23335
4977, 0.232665
4978, 0.23277
4979, 0.231135
4980, 0.23407
4981, 0.23317
4982, 0.232225
4983, 0.233865
4984, 0.232175
4985, 0.234255
4986, 0.2337
4987, 0.232955
4988, 0.233835
4989, 0.23304
4990, 0.23339
4991, 0.234125
4992, 0.234255
4993, 0.23349
4994, 0.23272
4995, 0.233135
4996, 0.23186
4997, 0.2338
4998, 0.2326
4999, 0.232485
